"Comune";"N. Proc.";"Anno";"Procedimenti";"Prov.";"Regione";"Abitanti"
ACATE;1;2016 ;Diss.;RG;SICILIA; 10.954 
ACERNO;1;2013 ;Rieq.;SA;CAMPANIA; 2.832 
ACI CATENA;2;2019 ;Rieq.;CT;SICILIA; 27.868 
ACI CATENA;2;2023 ;Diss.;CT;SICILIA; 27.868 
ACI SANT'ANTONIO;1;2013 ;Diss.;CT;SICILIA; 17.474 
ACQUAFONDATA;1;1990 ;Diss.;FR;LAZIO; 278 
ACQUAFORMOSA;1;1989 ;Diss.;CS;CALABRIA; 1.380 
ACQUAPPESA;3;1991 ;Diss.;CS;CALABRIA; 2.133 
ACQUAPPESA;3;2020 ;Rieq.;CS;CALABRIA; 2.133 
ACQUAPPESA;3;2021 ;Diss.;CS;CALABRIA; 2.133 
ACQUARICA DEL CAPO;1;1989 ;Diss.;LE;PUGLIA; 4.689 
ACQUARO;1;1991 ;Diss.;VV;CALABRIA; 3.293 
ACQUEDOLCI;1;2018 ;Rieq.;ME;SICILIA; 5.663 
ACRI;2;2014 ;Rieq.;CS;CALABRIA; 21.180 
ACRI;2;2016 ;Diss.;CS;CALABRIA; 21.180 
ADRANO;1;2016 ;Rieq.;CT;SICILIA; 36.122 
AFRAGOLA;1;2022 ;Diss.;NA;CAMPANIA; 61.712 
AFRICO;1;1996 ;Diss.;RC;CALABRIA; 3.272 
AGAZZANO;1;2022 ;Rieq.;PC;EMILIA ROMAGNA; 1.979 
AIDONE;1;2020 ;Diss.;EN;SICILIA; 4.522 
ALATRI;2;1991 ;Diss.;FR;LAZIO; 28.884 
ALATRI;2;2017 ;Rieq.;FR;LAZIO; 28.884 
ALBIDONA;1;1994 ;Diss.;CS;CALABRIA; 2.012 
ALBISOLA SUPERIORE;1;2021 ;Rieq.;SV;LIGURIA; 9.800 
ALESSANDRIA;2;2012 ;Diss.;AL;PIEMONTE; 89.493 
ALESSANDRIA;2;2019 ;Rieq.;AL;PIEMONTE; 89.493 
ALESSANDRIA DEL CARRETTO;1;1990 ;Diss.;CS;CALABRIA; 952 
ALEZIO;1;1989 ;Diss.;LE;PUGLIA; 5.140 
ALI';1;1995 ;Diss.;ME;SICILIA; 1.047 
ALIA;1;2021 ;Rieq.;PA;SICILIA; 3.314 
ALIANO;1;1990 ;Diss.;MT;BASILICATA; 1.472 
ALIFE;1;2017 ;Diss.;CE;CAMPANIA; 7.619 
ALLISTE;1;1993 ;Diss.;LE;PUGLIA; 6.230 
ALTAVILLA SILENTINA;1;1992 ;Diss.;SA;CAMPANIA; 6.801 
ALTILIA;3;1990 ;Diss.;CS;CALABRIA; 711 
ALTILIA;3;2016 ;Rieq.;CS;CALABRIA; 711 
ALTILIA;3;2020 ;Diss.;CS;CALABRIA; 711 
ALTOMONTE;1;1991 ;Diss.;CS;CALABRIA; 4.569 
AMALFI;1;1994 ;Diss.;SA;CAMPANIA; 5.553 
AMANTEA;2;2017 ;Diss.;CS;CALABRIA; 14.009 
AMANTEA;2;2022 ;Rieq.;CS;CALABRIA; 14.009 
AMARONI;1;1989 ;Diss.;CZ;CALABRIA; 2.467 
AMASENO;1;1990 ;Diss.;FR;LAZIO; 3.998 
AMENDOLARA;3;1990 ;Diss.;CS;CALABRIA; 3.132 
AMENDOLARA;3;2020 ;Rieq.;CS;CALABRIA; 3.132 
AMENDOLARA;3;2022 ;Diss.;CS;CALABRIA; 3.132 
AMOROSI;1;2021 ;Diss.;BN;CAMPANIA; 2.631 
ANDRIA;1;2018 ;Rieq.;BT;PUGLIA; 99.857 
ANOIA;2;2012 ;Rieq.;RC;CALABRIA; 2.245 
ANOIA;2;2013 ;Diss.;RC;CALABRIA; 2.245 
APICE;1;2010 ;Diss.;BN;CAMPANIA; 5.766 
AQUINO;1;1995 ;Diss.;FR;LAZIO; 5.402 
ARAGONA;1;2018 ;Diss.;AG;SICILIA; 9.409 
ARDEA;3;1993 ;Diss.;RM;LAZIO; 49.418 
ARDEA;3;2017 ;Diss.;RM;LAZIO; 49.418 
ARDEA;3;2017 ;Rieq.;RM;LAZIO; 49.418 
ARDORE;1;1995 ;Diss.;RC;CALABRIA; 5.034 
ARGENTERA;1;2017 ;Diss.;CN;PIEMONTE; 76 
ARGUSTO;1;1989 ;Diss.;CZ;CALABRIA; 531 
ARI;2;2014 ;Diss.;CH;ABRUZZO; 1.182 
ARI;2;2018 ;Rieq.;CH;ABRUZZO; 1.182 
ARIENZO;1;2024 ;Rieq.;CE;CAMPANIA; 5.379 
ARNESANO;1;1989 ;Diss.;LE;PUGLIA; 3.362 
ARPAIA;2;1991 ;Diss.;BN;CAMPANIA; 1.928 
ARPAIA;2;2008 ;Diss.;BN;CAMPANIA; 1.928 
ARPAISE;1;1999 ;Diss.;BN;CAMPANIA; 888 
ARPINO;2;2012 ;Rieq.;FR;LAZIO; 7.356 
ARPINO;2;2020 ;Diss.;FR;LAZIO; 7.356 
ARRONE;1;2013 ;Rieq.;TR;UMBRIA; 2.843 
ARTENA;1;2022 ;Rieq.;RM;LAZIO; 13.616 
ARZANO;1;2022 ;Rieq.;NA;CAMPANIA; 31.977 
ASCEA;2;1989 ;Diss.;SA;CAMPANIA; 5.236 
ASCEA;2;2021 ;Rieq.;SA;CAMPANIA; 5.236 
AUGUSTA;3;2013 ;Rieq.;SR;SICILIA; 36.490 
AUGUSTA;3;2015 ;Diss.;SR;SICILIA; 36.490 
AUGUSTA;3;2015 ;Rieq.;SR;SICILIA; 36.490 
AVELLINO;1;2019 ;Rieq.;AV;CAMPANIA; 53.762 
AVERSA;1;2022 ;Rieq.;CE;CAMPANIA; 49.612 
AVIGLIANO UMBRO;1;1994 ;Diss.;TR;UMBRIA; 2.324 
AVOLA;1;2014 ;Rieq.;SR;SICILIA; 31.729 
AZZANO MELLA;2;2013 ;Rieq.;BS;LOMBARDIA; 3.048 
AZZANO MELLA;2;2017 ;Diss.;BS;LOMBARDIA; 3.048 
BACOLI;2;2015 ;Rieq.;NA;CAMPANIA; 26.723 
BACOLI;2;2018 ;Diss.;NA;CAMPANIA; 26.723 
BADIA TEDALDA;1;1989 ;Diss.;AR;TOSCANA; 1.372 
BADOLATO;2;1989 ;Diss.;CZ;CALABRIA; 3.046 
BADOLATO;2;2017 ;Diss.;CZ;CALABRIA; 3.046 
BAGHERIA;2;2013 ;Rieq.;PA;SICILIA; 55.854 
BAGHERIA;2;2014 ;Diss.;PA;SICILIA; 55.854 
BAGNARA CALABRA;1;2016 ;Diss.;RC;CALABRIA; 10.255 
BAGNI DI LUCCA;1;1989 ;Diss.;LU;TOSCANA; 7.471 
BAIA E LATINA;1;2011 ;Diss.;CE;CAMPANIA; 2.244 
BALESTRATE;1;2022 ;Rieq.;PA;SICILIA; 6.229 
BALESTRINO;1;2023 ;Rieq.;SV;LIGURIA; 528 
BARANELLO;1;2013 ;Rieq.;CB;MOLISE; 2.686 
BARBATA;1;1991 ;Diss.;BG;LOMBARDIA; 525 
BARCELLONA POZZO DI GOTTO;2;2018 ;Rieq.;ME;SICILIA; 41.389 
BARCELLONA POZZO DI GOTTO;2;2023 ;Diss.;ME;SICILIA; 41.389 
BARNI;1;2011 ;Diss.;CO;LOMBARDIA; 621 
BARRAFRANCA;3;2015 ;Rieq.;EN;SICILIA; 13.380 
BARRAFRANCA;3;2016 ;Diss.;EN;SICILIA; 13.380 
BARRAFRANCA;3;2021 ;Diss.;EN;SICILIA; 13.380 
BARZIO;1;2017 ;Rieq.;LC;LOMBARDIA; 1.349 
BASCHI;1;1989 ;Diss.;TR;UMBRIA; 2.666 
BASCIANO;1;1989 ;Diss.;TE;ABRUZZO; 2.182 
BASSIANO;2;2023 ;Diss.;LT;LAZIO; 1.430 
BASSIANO;2;2023 ;Rieq.;LT;LAZIO; 1.430 
BATTIPAGLIA;2;1993 ;Diss.;SA;CAMPANIA; 50.450 
BATTIPAGLIA;2;2012 ;Rieq.;SA;CAMPANIA; 50.450 
BAUCINA;1;2020 ;Rieq.;PA;SICILIA; 1.898 
BEDONIA;1;1994 ;Diss.;PR;EMILIA ROMAGNA; 4.297 
BELCASTRO;2;2012 ;Rieq.;CZ;CALABRIA; 1.399 
BELCASTRO;2;2016 ;Diss.;CZ;CALABRIA; 1.399 
BELGIOIOSO;1;2015 ;Rieq.;PV;LOMBARDIA; 6.208 
BELLEGRA;3;1993 ;Diss.;RM;LAZIO; 2.846 
BELLEGRA;3;2014 ;Rieq.;RM;LAZIO; 2.846 
BELLEGRA;3;2017 ;Diss.;RM;LAZIO; 2.846 
BELLOSGUARDO;1;1995 ;Diss.;SA;CAMPANIA; 1.107 
BELMONTE MEZZAGNO;3;2012 ;Rieq.;PA;SICILIA; 11.182 
BELMONTE MEZZAGNO;3;2014 ;Rieq.;PA;SICILIA; 11.182 
BELMONTE MEZZAGNO;3;2020 ;Diss.;PA;SICILIA; 11.182 
BELVEDERE MARITTIMO;1;2019 ;Diss.;CS;CALABRIA; 9.147 
BENESTARE;2;2018 ;Rieq.;RC;CALABRIA; 2.562 
BENESTARE;2;2020 ;Diss.;RC;CALABRIA; 2.562 
BENEVENTO;4;1993 ;Diss.;BN;CAMPANIA; 59.945 
BENEVENTO;4;2012 ;Rieq.;BN;CAMPANIA; 59.945 
BENEVENTO;4;2014 ;Rieq.;BN;CAMPANIA; 59.945 
BENEVENTO;4;2017 ;Diss.;BN;CAMPANIA; 59.945 
BERNALDA;1;1991 ;Diss.;MT;BASILICATA; 12.037 
BIANCHI;1;1992 ;Diss.;CS;CALABRIA; 1.630 
BIANCO;2;1989 ;Diss.;RC;CALABRIA; 4.294 
BIANCO;2;2017 ;Rieq.;RC;CALABRIA; 4.294 
BIOGLIO;1;2023 ;Rieq.;BI;PIEMONTE; 912 
BISIGNANO;2;2016 ;Rieq.;CS;CALABRIA; 10.203 
BISIGNANO;2;2021 ;Diss.;CS;CALABRIA; 10.203 
BIVONA;1;2023 ;Rieq.;AG;SICILIA; 3.129 
BOCCHIGLIERO;1;1991 ;Diss.;CS;CALABRIA; 3.026 
BOJANO;2;2018 ;Diss.;CB;MOLISE; 8.178 
BOJANO;2;2018 ;Rieq.;CB;MOLISE; 8.178 
BOLOGNANO;2;2022 ;Diss.;PE;ABRUZZO; 1.002 
BOLOGNANO;2;2023 ;Rieq.;PE;ABRUZZO; 1.002 
BOLOGNETTA;1;2018 ;Diss.;PA;SICILIA; 4.161 
BONEA;1;1992 ;Diss.;BN;CAMPANIA; 1.546 
BONIFATI;1;1990 ;Diss.;CS;CALABRIA; 3.587 
BONITO;1;2021 ;Rieq.;AV;CAMPANIA; 2.212 
BORGETTO;2;2016 ;Rieq.;PA;SICILIA; 7.419 
BORGETTO;2;2018 ;Diss.;PA;SICILIA; 7.419 
BORGHETTO SANTO SPIRITO;1;2017 ;Rieq.;SV;LIGURIA; 4.850 
BORGIA;2;1993 ;Diss.;CZ;CALABRIA; 7.611 
BORGIA;2;2016 ;Rieq.;CZ;CALABRIA; 7.611 
BORGONOVO VAL TIDONE;1;2016 ;Rieq.;PC;EMILIA ROMAGNA; 7.892 
BORGOROSE;2;2002 ;Diss.;RI;LAZIO; 4.518 
BORGOROSE;2;2021 ;Rieq.;RI;LAZIO; 4.518 
BORMIDA;1;1992 ;Diss.;SV;LIGURIA; 510 
BOSCOREALE;2;1993 ;Diss.;NA;CAMPANIA; 28.072 
BOSCOREALE;2;2016 ;Rieq.;NA;CAMPANIA; 28.072 
BOSCOTRECASE;1;1990 ;Diss.;NA;CAMPANIA; 11.328 
BOTRICELLO;1;2016 ;Diss.;CZ;CALABRIA; 5.220 
BOTRUGNO;1;1989 ;Diss.;LE;PUGLIA; 3.003 
BOVA MARINA;2;2012 ;Diss.;RC;CALABRIA; 4.149 
BOVA MARINA;2;2022 ;Rieq.;RC;CALABRIA; 4.149 
BOVALINO;3;1995 ;Diss.;RC;CALABRIA; 8.822 
BOVALINO;3;2013 ;Rieq.;RC;CALABRIA; 8.822 
BOVALINO;3;2017 ;Diss.;RC;CALABRIA; 8.822 
BOVINO;1;2021 ;Rieq.;FG;PUGLIA; 2.985 
BRACCIANO;1;2016 ;Rieq.;RM;LAZIO; 19.384 
BRANCALEONE;3;1989 ;Diss.;RC;CALABRIA; 3.550 
BRANCALEONE;3;2018 ;Rieq.;RC;CALABRIA; 3.550 
BRANCALEONE;3;2020 ;Diss.;RC;CALABRIA; 3.550 
BRIATICO;3;2011 ;Diss.;VV;CALABRIA; 4.016 
BRIATICO;3;2019 ;Diss.;VV;CALABRIA; 4.016 
BRIATICO;3;2019 ;Rieq.;VV;CALABRIA; 4.016 
BRIGA NOVARESE;1;2013 ;Rieq.;NO;PIEMONTE; 3.019 
BRINDISI;1;2019 ;Rieq.;BR;PUGLIA; 85.397 
BROGNATURO;1;1989 ;Diss.;VV;CALABRIA; 754 
BROLO;2;2015 ;Diss.;ME;SICILIA; 5.855 
BROLO;2;2017 ;Diss.;ME;SICILIA; 5.855 
BRUZZANO ZEFFIRIO;1;1989 ;Diss.;RC;CALABRIA; 1.862 
BUCCIANO;1;1990 ;Diss.;BN;CAMPANIA; 1.722 
BUGNARA;1;1992 ;Diss.;AQ;ABRUZZO; 1.160 
BUONABITACOLO;1;2017 ;Rieq.;SA;CAMPANIA; 2.547 
BUONCONVENTO;1;2013 ;Rieq.;SI;TOSCANA; 3.233 
BUSCEMI;1;2020 ;Diss.;SR;SICILIA; 993 
CACCAMO;3;2012 ;Rieq.;PA;SICILIA; 8.292 
CACCAMO;3;2014 ;Rieq.;PA;SICILIA; 8.292 
CACCAMO;3;2023 ;Diss.;PA;SICILIA; 8.292 
CAIAZZO;1;2021 ;Rieq.;CE;CAMPANIA; 5.166 
CAIVANO;1;2016 ;Diss.;NA;CAMPANIA; 37.879 
CALATABIANO;1;2022 ;Diss.;CT;SICILIA; 5.121 
CALCIANO;1;1989 ;Diss.;MT;BASILICATA; 1.008 
CALICE AL CORNOVIGLIO;2;1991 ;Diss.;SP;LIGURIA; 1.290 
CALICE AL CORNOVIGLIO;2;2022 ;Rieq.;SP;LIGURIA; 1.290 
CALIMERA;2;1989 ;Diss.;LE;PUGLIA; 7.159 
CALIMERA;2;2016 ;Rieq.;LE;PUGLIA; 7.159 
CALIZZANO;1;2023 ;Rieq.;SV;LIGURIA; 1.439 
CALOPEZZATI;1;1989 ;Diss.;CS;CALABRIA; 1.421 
CALTAGIRONE;3;2013 ;Diss.;CT;SICILIA; 38.259 
CALTAGIRONE;3;2022 ;Diss.;CT;SICILIA; 38.259 
CALTAGIRONE;3;2022 ;Rieq.;CT;SICILIA; 38.259 
CALVI;2;2014 ;Rieq.;BN;CAMPANIA; 2.682 
CALVI;2;2016 ;Diss.;BN;CAMPANIA; 2.682 
CALVI RISORTA;2;2016 ;Diss.;CE;CAMPANIA; 5.707 
CALVI RISORTA;2;2016 ;Rieq.;CE;CAMPANIA; 5.707 
CAMASTRA;1;2023 ;Diss.;AG;SICILIA; 1.992 
CAMERATA NUOVA;1;2016 ;Rieq.;RM;LAZIO; 447 
CAMEROTA;1;2013 ;Rieq.;SA;CAMPANIA; 6.757 
CAMIGLIANO;2;1993 ;Diss.;CE;CAMPANIA; 1.758 
CAMIGLIANO;2;2020 ;Rieq.;CE;CAMPANIA; 1.758 
CAMINI;1;2010 ;Diss.;RC;CALABRIA; 721 
CAMPIONE D'ITALIA;4;2012 ;Rieq.;CO;LOMBARDIA; 2.140 
CAMPIONE D'ITALIA;4;2018 ;Diss.;CO;LOMBARDIA; 2.140 
CAMPIONE D'ITALIA;4;2018 ;Rieq.;CO;LOMBARDIA; 2.140 
CAMPIONE D'ITALIA;4;2021 ;Rieq.;CO;LOMBARDIA; 2.140 
CAMPO TURES;1;2017 ;Rieq.;BZ;TRENTINO ALTO ADIGE; 5.390 
CAMPOBELLO DI LICATA;1;2014 ;Rieq.;AG;SICILIA; 10.302 
CAMPOBELLO DI MAZARA;1;2023 ;Rieq.;TP;SICILIA; 11.340 
CAMPOFELICE DI ROCCELLA;1;2023 ;Rieq.;PA;SICILIA; 7.744 
CAMPOLIETO;1;2017 ;Rieq.;CB;MOLISE; 863 
CAMPOREALE;1;1990 ;Diss.;PA;SICILIA; 4.462 
CAMPOROTONDO ETNEO;1;1994 ;Diss.;CT;SICILIA; 2.193 
CANALE MONTERANO;1;1993 ;Diss.;RM;LAZIO; 2.814 
CANCELLO ED ARNONE;2;2015 ;Diss.;CE;CAMPANIA; 5.663 
CANCELLO ED ARNONE;2;2018 ;Diss.;CE;CAMPANIA; 5.663 
CANDIDA;1;1991 ;Diss.;AV;CAMPANIA; 1.042 
CANICATTI';2;2018 ;Rieq.;AG;SICILIA; 35.722 
CANICATTI';2;2022 ;Diss.;AG;SICILIA; 35.722 
CANICATTINI BAGNI;1;2022 ;Rieq.;SR;SICILIA; 6.517 
CANNA;1;2023 ;Rieq.;CS;CALABRIA; 609 
CANTALUPO NEL SANNIO;1;1989 ;Diss.;IS;MOLISE; 747 
CANTERANO;1;1989 ;Diss.;RM;LAZIO; 289 
CAPISTRANO;1;1992 ;Diss.;VV;CALABRIA; 1.302 
CAPISTRELLO;1;2009 ;Diss.;AQ;ABRUZZO; 5.358 
CAPIZZI;2;2023 ;Diss.;ME;SICILIA; 2.815 
CAPIZZI;2;2023 ;Rieq.;ME;SICILIA; 2.815 
CAPO D'ORLANDO;1;2022 ;Rieq.;ME;SICILIA; 13.031 
CAPODRISE;1;2023 ;Rieq.;CE;CAMPANIA; 10.030 
CAPORCIANO;1;1991 ;Diss.;AQ;ABRUZZO; 324 
CAPUA;2;2013 ;Diss.;CE;CAMPANIA; 18.778 
CAPUA;2;2013 ;Rieq.;CE;CAMPANIA; 18.778 
CARAFFA DI CATANZARO;2;2016 ;Rieq.;CZ;CALABRIA; 1.866 
CARAFFA DI CATANZARO;2;2020 ;Diss.;CZ;CALABRIA; 1.866 
CARDETO;1;2018 ;Diss.;RC;CALABRIA; 1.562 
CAREGGINE;1;1989 ;Diss.;LU;TOSCANA; 711 
CARERI;1;2019 ;Rieq.;RC;CALABRIA; 2.227 
CARIATI;2;2013 ;Rieq.;CS;CALABRIA; 8.355 
CARIATI;2;2016 ;Diss.;CS;CALABRIA; 8.355 
CARINI;2;2014 ;Rieq.;PA;SICILIA; 38.455 
CARINI;2;2016 ;Diss.;PA;SICILIA; 38.455 
CARINOLA;2;2018 ;Rieq.;CE;CAMPANIA; 7.248 
CARINOLA;2;2022 ;Diss.;CE;CAMPANIA; 7.248 
CARLANTINO;1;2020 ;Rieq.;FG;PUGLIA; 910 
CAROLEI;1;2018 ;Diss.;CS;CALABRIA; 3.375 
CAROVIGNO;1;2019 ;Rieq.;BR;PUGLIA; 17.022 
CARPEGNA;1;2017 ;Rieq.;PU;MARCHE; 1.686 
CARPINETI;1;1991 ;Diss.;RE;EMILIA ROMAGNA; 4.026 
CASABONA;1;2010 ;Diss.;KR;CALABRIA; 2.876 
CASACANDITELLA;1;2022 ;Diss.;CH;ABRUZZO; 1.169 
CASAL DI PRINCIPE;2;1990 ;Diss.;CE;CAMPANIA; 20.849 
CASAL DI PRINCIPE;2;2011 ;Diss.;CE;CAMPANIA; 20.849 
CASALDUNI;3;2012 ;Rieq.;BN;CAMPANIA; 1.419 
CASALDUNI;3;2014 ;Diss.;BN;CAMPANIA; 1.419 
CASALDUNI;3;2023 ;Rieq.;BN;CAMPANIA; 1.419 
CASALNUOVO DI NAPOLI;1;1992 ;Diss.;NA;CAMPANIA; 32.260 
CASALUCE;1;2018 ;Rieq.;CE;CAMPANIA; 9.893 
CASALVIERI;1;1995 ;Diss.;FR;LAZIO; 3.171 
CASAMICCIOLA TERME;2;1993 ;Diss.;NA;CAMPANIA; 8.087 
CASAMICCIOLA TERME;2;2012 ;Rieq.;NA;CAMPANIA; 8.087 
CASANDRINO;2;2018 ;Rieq.;NA;CAMPANIA; 14.125 
CASANDRINO;2;2019 ;Diss.;NA;CAMPANIA; 14.125 
CASAPE;1;2022 ;Rieq.;RM;LAZIO; 638 
CASAPESENNA;2;1990 ;Diss.;CE;CAMPANIA; 6.651 
CASAPESENNA;2;2012 ;Diss.;CE;CAMPANIA; 6.651 
CASARANO;2;2012 ;Rieq.;LE;PUGLIA; 20.413 
CASARANO;2;2014 ;Diss.;LE;PUGLIA; 20.413 
CASASCO;1;1991 ;Diss.;AL;PIEMONTE; 171 
CASELLE LANDI;1;1991 ;Diss.;LO;LOMBARDIA; 1.824 
CASERTA;3;2011 ;Diss.;CE;CAMPANIA; 75.531 
CASERTA;3;2016 ;Rieq.;CE;CAMPANIA; 75.531 
CASERTA;3;2018 ;Diss.;CE;CAMPANIA; 75.531 
CASIGNANA;1;2021 ;Diss.;RC;CALABRIA; 707 
CASOLA DI NAPOLI;1;1990 ;Diss.;NA;CAMPANIA; 3.417 
CASOLE D'ELSA;1;2019 ;Rieq.;SI;TOSCANA; 3.795 
CASORIA;1;2020 ;Diss.;NA;CAMPANIA; 74.949 
CASSANO ALL'IONIO;1;1992 ;Diss.;CS;CALABRIA; 18.571 
CASSARO;1;2017 ;Diss.;SR;SICILIA; 800 
CASSINASCO;1;2023 ;Rieq.;AT;PIEMONTE; 549 
CASSINO;2;2013 ;Rieq.;FR;LAZIO; 33.703 
CASSINO;2;2018 ;Diss.;FR;LAZIO; 33.703 
CASTEL CAMPAGNANO;4;1996 ;Diss.;CE;CAMPANIA; 1.556 
CASTEL CAMPAGNANO;4;2017 ;Diss.;CE;CAMPANIA; 1.556 
CASTEL CAMPAGNANO;4;2019 ;Rieq.;CE;CAMPANIA; 1.556 
CASTEL CAMPAGNANO;4;2020 ;Rieq.;CE;CAMPANIA; 1.556 
CASTEL MADAMA;1;2023 ;Rieq.;RM;LAZIO; 7.047 
CASTEL MORRONE;2;2019 ;Rieq.;CE;CAMPANIA; 3.710 
CASTEL MORRONE;2;2024 ;Diss.;CE;CAMPANIA; 3.710 
CASTEL SAN LORENZO;1;1989 ;Diss.;SA;CAMPANIA; 3.313 
CASTEL SAN VINCENZO;1;1992 ;Diss.;IS;MOLISE; 590 
CASTEL SANT'ANGELO;1;1995 ;Diss.;RI;LAZIO; 1.240 
CASTEL VOLTURNO;1;2011 ;Diss.;CE;CAMPANIA; 22.781 
CASTELDACCIA;2;2016 ;Rieq.;PA;SICILIA; 11.641 
CASTELDACCIA;2;2017 ;Diss.;PA;SICILIA; 11.641 
CASTELL'ALFERO;1;2013 ;Rieq.;AT;PIEMONTE; 2.771 
CASTELLAMMARE DI STABIA;1;2013 ;Diss.;NA;CAMPANIA; 65.929 
CASTELLANETA;1;2016 ;Rieq.;TA;PUGLIA; 17.170 
CASTELLARANO;1;2013 ;Rieq.;RE;EMILIA ROMAGNA; 15.236 
CASTELLINO DEL BIFERNO;2;2015 ;Rieq.;CB;MOLISE; 545 
CASTELLINO DEL BIFERNO;2;2016 ;Diss.;CB;MOLISE; 545 
CASTELLUCCIO DEI SAURI;1;2014 ;Rieq.;FG;PUGLIA; 2.143 
CASTELPOTO;1;1991 ;Diss.;BN;CAMPANIA; 1.630 
CASTELTERMINI;2;2016 ;Diss.;AG;SICILIA; 8.267 
CASTELTERMINI;2;2016 ;Rieq.;AG;SICILIA; 8.267 
CASTELVETRANO;1;2019 ;Diss.;TP;SICILIA; 30.806 
CASTIGLION FIORENTINO;1;2011 ;Diss.;AR;TOSCANA; 13.174 
CASTIGLIONE OLONA;1;2015 ;Rieq.;VA;LOMBARDIA; 7.754 
CASTRI DI LECCE;1;1989 ;Diss.;LE;PUGLIA; 2.977 
CASTROCIELO;1;2023 ;Rieq.;FR;LAZIO; 3.780 
CASTROFILIPPO;1;1992 ;Diss.;AG;SICILIA; 3.580 
CASTROLIBERO;1;1995 ;Diss.;CS;CALABRIA; 10.290 
CASTROVILLARI;2;2012 ;Rieq.;CS;CALABRIA; 22.504 
CASTROVILLARI;2;2019 ;Diss.;CS;CALABRIA; 22.504 
CATANIA;2;2012 ;Rieq.;CT;SICILIA; 311.620 
CATANIA;2;2018 ;Diss.;CT;SICILIA; 311.620 
CATENANUOVA;1;1999 ;Diss.;EN;SICILIA; 4.940 
CAULONIA;3;1993 ;Diss.;RC;CALABRIA; 7.110 
CAULONIA;3;2018 ;Diss.;RC;CALABRIA; 7.110 
CAULONIA;3;2022 ;Rieq.;RC;CALABRIA; 7.110 
CAVA DE' TIRRENI;1;2022 ;Rieq.;SA;CAMPANIA; 50.539 
CAVALLASCA;1;2016 ;Rieq.;CO;LOMBARDIA; 2.973 
CAVALLINO;1;1989 ;Diss.;LE;PUGLIA; 8.643 
CAVE;1;1994 ;Diss.;RM;LAZIO; 8.975 
CECCANO;1;2021 ;Rieq.;FR;LAZIO; 22.494 
CEFALA' DIANA;1;2023 ;Rieq.;PA;SICILIA; 976 
CEFALU';2;2012 ;Rieq.;PA;SICILIA; 14.452 
CEFALU';2;2015 ;Diss.;PA;SICILIA; 14.452 
CENADI;1;2024 ;Rieq.;CZ;CALABRIA; 514 
CENTRACHE;1;2019 ;Rieq.;CZ;CALABRIA; 372 
CENTURIPE;1;2018 ;Rieq.;EN;SICILIA; 5.373 
CEPPALONI;2;1990 ;Diss.;BN;CAMPANIA; 3.355 
CEPPALONI;2;2022 ;Rieq.;BN;CAMPANIA; 3.355 
CEPRANO;1;2017 ;Rieq.;FR;LAZIO; 8.875 
CERCEPICCOLA;1;2019 ;Rieq.;CB;MOLISE; 641 
CERCHIARA DI CALABRIA;2;1993 ;Diss.;CS;CALABRIA; 2.336 
CERCHIARA DI CALABRIA;2;2019 ;Diss.;CS;CALABRIA; 2.336 
CERDA;2;2016 ;Rieq.;PA;SICILIA; 5.235 
CERDA;2;2017 ;Diss.;PA;SICILIA; 5.235 
CERENZIA;1;1992 ;Diss.;KR;CALABRIA; 1.332 
CERETTO LOMELLINA;1;2022 ;Diss.;PV;LOMBARDIA; 184 
CERISANO;3;1994 ;Diss.;CS;CALABRIA; 3.259 
CERISANO;3;2013 ;Rieq.;CS;CALABRIA; 3.259 
CERISANO;3;2014 ;Diss.;CS;CALABRIA; 3.259 
CERRETO SANNITA;3;2013 ;Rieq.;BN;CAMPANIA; 3.973 
CERRETO SANNITA;3;2014 ;Rieq.;BN;CAMPANIA; 3.973 
CERRETO SANNITA;3;2015 ;Diss.;BN;CAMPANIA; 3.973 
CERVICATI;1;1989 ;Diss.;CS;CALABRIA; 994 
CERVINO;1;1989 ;Diss.;CE;CAMPANIA; 4.503 
CERZETO;1;1990 ;Diss.;CS;CALABRIA; 2.242 
CESA;1;1993 ;Diss.;CE;CAMPANIA; 6.972 
CETRARO;3;1989 ;Diss.;CS;CALABRIA; 10.706 
CETRARO;3;2021 ;Rieq.;CS;CALABRIA; 10.706 
CETRARO;3;2024 ;Diss.;CS;CALABRIA; 10.706 
CHIANCHE;1;1994 ;Diss.;AV;CAMPANIA; 698 
CHIARAMONTE GULFI;3;1989 ;Diss.;RG;SICILIA; 8.251 
CHIARAMONTE GULFI;3;2023 ;Diss.;RG;SICILIA; 8.251 
CHIARAMONTE GULFI;3;2023 ;Rieq.;RG;SICILIA; 8.251 
CHIARAVALLE CENTRALE;3;2012 ;Rieq.;CZ;CALABRIA; 5.877 
CHIARAVALLE CENTRALE;3;2014 ;Diss.;CZ;CALABRIA; 5.877 
CHIARAVALLE CENTRALE;3;2014 ;Rieq.;CZ;CALABRIA; 5.877 
CHIETI;3;1993 ;Diss.;CH;ABRUZZO; 55.644 
CHIETI;3;2020 ;Rieq.;CH;ABRUZZO; 55.644 
CHIETI;3;2023 ;Diss.;CH;ABRUZZO; 55.644 
CHIEUTI;1;2017 ;Diss.;FG;PUGLIA; 1.679 
CHIOGGIA;1;1989 ;Diss.;VE;VENETO; 53.523 
CICCIANO;1;2017 ;Rieq.;NA;CAMPANIA; 12.898 
CIMINA';1;1990 ;Diss.;RC;CALABRIA; 787 
CINQUEFRONDI;1;2022 ;Rieq.;RC;CALABRIA; 6.223 
CIRO';1;2001 ;Diss.;KR;CALABRIA; 3.614 
CIRO' MARINA;2;2012 ;Diss.;KR;CALABRIA; 15.099 
CIRO' MARINA;2;2016 ;Diss.;KR;CALABRIA; 15.099 
CIVENNA;1;1989 ;Diss.;CO;LOMBARDIA; 612 
CIVITA;1;1989 ;Diss.;CS;CALABRIA; 1.260 
CIVITALUPARELLA;2;2014 ;Rieq.;CH;ABRUZZO; 358 
CIVITALUPARELLA;2;2015 ;Diss.;CH;ABRUZZO; 358 
CIVITELLA MESSER RAIMONDO;1;2015 ;Diss.;CH;ABRUZZO; 866 
CLETO;1;1993 ;Diss.;CS;CALABRIA; 1.450 
COLLAGNA;1;1991 ;Diss.;RE;EMILIA ROMAGNA; 1.112 
COLLEPIETRO;1;1991 ;Diss.;AQ;ABRUZZO; 364 
COLOBRARO;1;1989 ;Diss.;MT;BASILICATA; 1.786 
COLONNA;1;1994 ;Diss.;RM;LAZIO; 3.197 
COLOSIMI;1;2013 ;Rieq.;CS;CALABRIA; 1.284 
COLZATE;1;2023 ;Rieq.;BG;LOMBARDIA; 1.619 
COMISO;1;2012 ;Diss.;RG;SICILIA; 29.185 
COMIZIANO;1;1990 ;Diss.;NA;CAMPANIA; 1.967 
CONDOFURI;2;2019 ;Diss.;RC;CALABRIA; 4.919 
CONDOFURI;2;2019 ;Rieq.;RC;CALABRIA; 4.919 
CONFLENTI;1;1989 ;Diss.;CZ;CALABRIA; 1.873 
CONTIGLIANO;1;2020 ;Rieq.;RI;LAZIO; 3.807 
CONTRONE;1;1989 ;Diss.;SA;CAMPANIA; 957 
CONTURSI TERME;1;2012 ;Rieq.;SA;CAMPANIA; 3.329 
CORCHIANO;2;2016 ;Rieq.;VT;LAZIO; 3.869 
CORCHIANO;2;2017 ;Diss.;VT;LAZIO; 3.869 
CORLEONE;1;2021 ;Rieq.;PA;SICILIA; 10.422 
CORLETO MONFORTE;1;1989 ;Diss.;SA;CAMPANIA; 904 
CORNOVECCHIO;1;1992 ;Diss.;LO;LOMBARDIA; 233 
CORSANO;1;1989 ;Diss.;LE;PUGLIA; 5.137 
CORTE DE' CORTESI CON CIGNONE;1;1990 ;Diss.;CR;LOMBARDIA; 985 
CORVARA;1;1991 ;Diss.;PE;ABRUZZO; 333 
COSENZA;3;2012 ;Rieq.;CS;CALABRIA; 69.376 
COSENZA;3;2019 ;Diss.;CS;CALABRIA; 69.376 
COSENZA;3;2022 ;Rieq.;CS;CALABRIA; 69.376 
COSOLETO;1;1991 ;Diss.;RC;CALABRIA; 1.154 
COSSERIA;1;2021 ;Rieq.;SV;LIGURIA; 1.052 
COSTACCIARO;1;2013 ;Rieq.;PG;UMBRIA; 1.280 
CRAVAGLIANA;1;2016 ;Diss.;VC;PIEMONTE; 251 
CRISPANO;1;1990 ;Diss.;NA;CAMPANIA; 9.803 
CRISPIANO;1;2020 ;Rieq.;TA;PUGLIA; 13.262 
CROCEFIESCHI;1;2016 ;Rieq.;GE;LIGURIA; 548 
CROPANI;3;2013 ;Rieq.;CZ;CALABRIA; 4.701 
CROPANI;3;2014 ;Diss.;CZ;CALABRIA; 4.701 
CROPANI;3;2014 ;Rieq.;CZ;CALABRIA; 4.701 
CROSIA;4;1991 ;Diss.;CS;CALABRIA; 9.638 
CROSIA;4;2013 ;Rieq.;CS;CALABRIA; 9.638 
CROSIA;4;2014 ;Rieq.;CS;CALABRIA; 9.638 
CROSIA;4;2022 ;Diss.;CS;CALABRIA; 9.638 
CRUCOLI;1;2019 ;Diss.;KR;CALABRIA; 2.972 
CUCEGLIO;1;2017 ;Rieq.;TO;PIEMONTE; 990 
CUPELLO;1;2021 ;Rieq.;CH;ABRUZZO; 4.721 
CUSTONACI;1;1989 ;Diss.;TP;SICILIA; 4.405 
CUTIGLIANO;1;2014 ;Rieq.;PT;TOSCANA; 1.527 
CUTRO;2;1989 ;Diss.;KR;CALABRIA; 10.533 
CUTRO;2;2015 ;Diss.;KR;CALABRIA; 10.533 
DECOLLATURA;2;2018 ;Rieq.;CZ;CALABRIA; 3.163 
DECOLLATURA;2;2021 ;Diss.;CZ;CALABRIA; 3.163 
DIAMANTE;2;1995 ;Diss.;CS;CALABRIA; 5.164 
DIAMANTE;2;2019 ;Rieq.;CS;CALABRIA; 5.164 
DINAMI;1;2019 ;Diss.;VV;CALABRIA; 2.010 
DOGLIOLA;1;1989 ;Diss.;CH;ABRUZZO; 396 
DOGNA;1;2013 ;Rieq.;UD;FRIULI VENEZIA GIULIA; 151 
DOMANICO;2;2014 ;Rieq.;CS;CALABRIA; 945 
DOMANICO;2;2015 ;Rieq.;CS;CALABRIA; 945 
DOMICELLA;1;1991 ;Diss.;AV;CAMPANIA; 1.410 
DRAGONI;3;1990 ;Diss.;CE;CAMPANIA; 2.084 
DRAGONI;3;2019 ;Rieq.;CE;CAMPANIA; 2.084 
DRAGONI;3;2020 ;Diss.;CE;CAMPANIA; 2.084 
DURONIA;1;1989 ;Diss.;CB;MOLISE; 573 
EBOLI;2;1994 ;Diss.;SA;CAMPANIA; 38.157 
EBOLI;2;2012 ;Rieq.;SA;CAMPANIA; 38.157 
ENNA;1;2005 ;Diss.;EN;SICILIA; 28.508 
ERCOLANO;1;2020 ;Rieq.;NA;CAMPANIA; 51.588 
FABRICA DI ROMA;1;2023 ;Rieq.;VT;LAZIO; 8.199 
FAGGIANO;1;1991 ;Diss.;TA;PUGLIA; 3.526 
FAGNANO CASTELLO;1;2022 ;Rieq.;CS;CALABRIA; 3.393 
FAICCHIO;1;2013 ;Rieq.;BN;CAMPANIA; 3.699 
FALCONARA ALBANESE;2;1989 ;Diss.;CS;CALABRIA; 1.417 
FALCONARA ALBANESE;2;2024 ;Diss.;CS;CALABRIA; 1.417 
FALERNA;1;1989 ;Diss.;CZ;CALABRIA; 3.488 
FARA IN SABINA;1;2017 ;Rieq.;RI;LAZIO; 13.819 
FARDELLA;1;1991 ;Diss.;PZ;BASILICATA; 857 
FARINDOLA;1;1989 ;Diss.;PE;ABRUZZO; 2.121 
FAVARA;2;2015 ;Rieq.;AG;SICILIA; 32.654 
FAVARA;2;2016 ;Diss.;AG;SICILIA; 32.654 
FELITTO;1;1991 ;Diss.;SA;CAMPANIA; 1.578 
FEROLETO ANTICO;1;1991 ;Diss.;CZ;CALABRIA; 2.280 
FEROLETO DELLA CHIESA;1;2014 ;Diss.;RC;CALABRIA; 1.730 
FERRUZZANO;3;1989 ;Diss.;RC;CALABRIA; 747 
FERRUZZANO;3;2015 ;Rieq.;RC;CALABRIA; 747 
FERRUZZANO;3;2020 ;Diss.;RC;CALABRIA; 747 
FICARAZZI;1;2020 ;Diss.;PA;SICILIA; 12.741 
FICARRA;1;2016 ;Rieq.;ME;SICILIA; 1.469 
FIESOLE;1;2013 ;Rieq.;FI;TOSCANA; 13.968 
FILIGNANO;1;2010 ;Diss.;IS;MOLISE; 721 
FILOGASO;1;1990 ;Diss.;VV;CALABRIA; 1.296 
FIRMO;1;1990 ;Diss.;CS;CALABRIA; 2.666 
FIUMARA;1;1989 ;Diss.;RC;CALABRIA; 1.429 
FIUMEFREDDO BRUZIO;1;1989 ;Diss.;CS;CALABRIA; 3.855 
FIUMEFREDDO DI SICILIA;2;2019 ;Rieq.;CT;SICILIA; 9.268 
FIUMEFREDDO DI SICILIA;2;2021 ;Diss.;CT;SICILIA; 9.268 
FLORIDIA;1;2021 ;Diss.;SR;SICILIA; 21.258 
FOGGIA;1;2012 ;Rieq.;FG;PUGLIA; 147.045 
FOLIGNO;1;1989 ;Diss.;PG;UMBRIA; 53.620 
FOLLO;1;2018 ;Rieq.;SP;LIGURIA; 6.296 
FOPPOLO;2;2018 ;Rieq.;BG;LOMBARDIA; 185 
FOPPOLO;2;2020 ;Diss.;BG;LOMBARDIA; 185 
FORCE;1;1989 ;Diss.;AP;MARCHE; 1.658 
FORINO;1;1991 ;Diss.;AV;CAMPANIA; 4.799 
FORIO;1;1991 ;Diss.;NA;CAMPANIA; 11.526 
FORLI' DEL SANNIO;1;1990 ;Diss.;IS;MOLISE; 909 
FORMICOLA;1;1993 ;Diss.;CE;CAMPANIA; 1.565 
FRAGNETO L'ABATE;1;2017 ;Diss.;BN;CAMPANIA; 1.034 
FRANCAVILLA DI SICILIA;1;2022 ;Rieq.;ME;SICILIA; 3.543 
FRANCAVILLA MARITTIMA;2;1989 ;Diss.;CS;CALABRIA; 3.163 
FRANCAVILLA MARITTIMA;2;2022 ;Rieq.;CS;CALABRIA; 3.163 
FRASCATI;2;2019 ;Rieq.;RM;LAZIO; 22.091 
FRASCATI;2;2022 ;Diss.;RM;LAZIO; 22.091 
FRASCINETO;1;1989 ;Diss.;CS;CALABRIA; 2.519 
FRATTAMINORE;1;1994 ;Diss.;NA;CAMPANIA; 14.352 
FRATTE ROSA;2;2016 ;Rieq.;PU;MARCHE; 966 
FRATTE ROSA;2;2019 ;Diss.;PU;MARCHE; 966 
FRESAGRANDINARIA;1;1995 ;Diss.;CH;ABRUZZO; 1.279 
FRIGNANO;2;1990 ;Diss.;CE;CAMPANIA; 8.567 
FRIGNANO;2;2022 ;Diss.;CE;CAMPANIA; 8.567 
FRONTONE;1;1991 ;Diss.;PU;MARCHE; 1.300 
FROSINONE;1;2013 ;Rieq.;FR;LAZIO; 46.279 
FUSCALDO;1;2011 ;Diss.;CS;CALABRIA; 8.058 
GAGLIANO DEL CAPO;1;1990 ;Diss.;LE;PUGLIA; 5.593 
GAGLIATO;1;1989 ;Diss.;CZ;CALABRIA; 650 
GALATI MAMERTINO;1;2017 ;Rieq.;ME;SICILIA; 2.581 
GALATINA;1;2016 ;Rieq.;LE;PUGLIA; 27.109 
GALLIAVOLA;1;1991 ;Diss.;PV;LOMBARDIA; 204 
GALLICANO NEL LAZIO;1;2023 ;Rieq.;RM;LAZIO; 6.492 
GALLICCHIO;1;1991 ;Diss.;PZ;BASILICATA; 1.130 
GALLIPOLI;1;1991 ;Diss.;LE;PUGLIA; 20.090 
GALLODORO;1;2005 ;Diss.;ME;SICILIA; 393 
GARAGUSO;1;2017 ;Rieq.;MT;BASILICATA; 1.055 
GASPERINA;1;2013 ;Diss.;CZ;CALABRIA; 2.136 
GAVAZZANA;1;1989 ;Diss.;AL;PIEMONTE; 64 
GELA;2;2023 ;Diss.;CL;SICILIA; 70.811 
GELA;2;2023 ;Rieq.;CL;SICILIA; 70.811 
GENAZZANO;2;2022 ;Rieq.;RM;LAZIO; 5.614 
GENAZZANO;2;2023 ;Diss.;RM;LAZIO; 5.614 
GENZANO DI ROMA;1;1989 ;Diss.;RM;LAZIO; 19.436 
GERACE;1;1990 ;Diss.;RC;CALABRIA; 3.038 
GHEMME;1;2016 ;Rieq.;NO;PIEMONTE; 3.656 
GIARDINI-NAXOS;2;1995 ;Diss.;ME;SICILIA; 9.315 
GIARDINI-NAXOS;2;2013 ;Rieq.;ME;SICILIA; 9.315 
GIARRE;2;2012 ;Rieq.;CT;SICILIA; 28.131 
GIARRE;2;2018 ;Diss.;CT;SICILIA; 28.131 
GIBELLINA;1;1994 ;Diss.;TP;SICILIA; 4.980 
GIFFONE;1;2018 ;Rieq.;RC;CALABRIA; 1.811 
GINESTRA DEGLI SCHIAVONI;1;1991 ;Diss.;BN;CAMPANIA; 712 
GIOIA SANNITICA;2;2020 ;Rieq.;CE;CAMPANIA; 3.452 
GIOIA SANNITICA;2;2023 ;Diss.;CE;CAMPANIA; 3.452 
GIOIA TAURO;1;2017 ;Diss.;RC;CALABRIA; 19.970 
GIOIOSA IONICA;1;2022 ;Rieq.;RC;CALABRIA; 6.862 
GIUGGIANELLO;1;1989 ;Diss.;LE;PUGLIA; 1.217 
GIULIANO DI ROMA;1;1990 ;Diss.;FR;LAZIO; 2.173 
GIURDIGNANO;1;1992 ;Diss.;LE;PUGLIA; 1.748 
GORGA;1;1993 ;Diss.;RM;LAZIO; 809 
GORIANO SICOLI;1;1989 ;Diss.;AQ;ABRUZZO; 657 
GRAGNANO;1;1990 ;Diss.;NA;CAMPANIA; 28.617 
GRANITI;2;2022 ;Diss.;ME;SICILIA; 1.460 
GRANITI;2;2022 ;Rieq.;ME;SICILIA; 1.460 
GRIMALDI;2;2013 ;Rieq.;CS;CALABRIA; 1.697 
GRIMALDI;2;2015 ;Diss.;CS;CALABRIA; 1.697 
GRISOLIA;2;1993 ;Diss.;CS;CALABRIA; 2.466 
GRISOLIA;2;2024 ;Rieq.;CS;CALABRIA; 2.466 
GROTTAMINARDA;1;2023 ;Rieq.;AV;CAMPANIA; 7.634 
GROTTERIA;1;2023 ;Diss.;RC;CALABRIA; 2.838 
GROTTOLE;1;1993 ;Diss.;MT;BASILICATA; 2.908 
GRUMO APPULA;2;2016 ;Rieq.;BA;PUGLIA; 12.961 
GRUMO APPULA;2;2020 ;Diss.;BA;PUGLIA; 12.961 
GRUMO NEVANO;2;2019 ;Rieq.;NA;CAMPANIA; 17.712 
GRUMO NEVANO;2;2020 ;Diss.;NA;CAMPANIA; 17.712 
GUAGNANO;1;1989 ;Diss.;LE;PUGLIA; 6.627 
GUALTIERI SICAMINO';2;2021 ;Rieq.;ME;SICILIA; 1.584 
GUALTIERI SICAMINO';2;2022 ;Diss.;ME;SICILIA; 1.584 
GUARDAVALLE;2;1990 ;Diss.;CZ;CALABRIA; 4.701 
GUARDAVALLE;2;2013 ;Rieq.;CZ;CALABRIA; 4.701 
GUARDIA PIEMONTESE;1;1991 ;Diss.;CS;CALABRIA; 1.630 
GUARDIAGRELE;1;2021 ;Diss.;CH;ABRUZZO; 8.566 
GUAZZORA;1;2023 ;Rieq.;AL;PIEMONTE; 281 
GUIDONIA MONTECELIO;2;1993 ;Diss.;RM;LAZIO; 88.673 
GUIDONIA MONTECELIO;2;2016 ;Rieq.;RM;LAZIO; 88.673 
IMPERIA;1;2018 ;Rieq.;IM;LIGURIA; 42.318 
INCUDINE;1;1991 ;Diss.;BS;LOMBARDIA; 478 
INTRODACQUA;1;2018 ;Rieq.;AQ;ABRUZZO; 2.101 
INVERIGO;1;2016 ;Rieq.;CO;LOMBARDIA; 9.136 
ISCA SULLO IONIO;2;1991 ;Diss.;CZ;CALABRIA; 1.708 
ISCA SULLO IONIO;2;2023 ;Rieq.;CZ;CALABRIA; 1.708 
ISCHIA;1;1993 ;Diss.;NA;CAMPANIA; 16.278 
ISOLA DELLE FEMMINE;1;2023 ;Diss.;PA;SICILIA; 7.039 
ISOLA DI CAPO RIZZUTO;1;1989 ;Diss.;KR;CALABRIA; 13.171 
ISPICA;4;2012 ;Rieq.;RG;SICILIA; 15.317 
ISPICA;4;2013 ;Diss.;RG;SICILIA; 15.317 
ISPICA;4;2020 ;Diss.;RG;SICILIA; 15.317 
ISPICA;4;2020 ;Rieq.;RG;SICILIA; 15.317 
ITALA;2;2013 ;Rieq.;ME;SICILIA; 1.647 
ITALA;2;2021 ;Diss.;ME;SICILIA; 1.647 
JACURSO;2;1991 ;Diss.;CZ;CALABRIA; 623 
JACURSO;2;2017 ;Rieq.;CZ;CALABRIA; 623 
JOLANDA DI SAVOIA;1;2018 ;Rieq.;FE;EMILIA ROMAGNA; 2.838 
JOPPOLO;2;2019 ;Rieq.;VV;CALABRIA; 1.836 
JOPPOLO;2;2022 ;Diss.;VV;CALABRIA; 1.836 
LABICO;1;2013 ;Rieq.;RM;LAZIO; 6.154 
LACCO AMENO;2;1993 ;Diss.;NA;CAMPANIA; 4.830 
LACCO AMENO;2;2015 ;Diss.;NA;CAMPANIA; 4.830 
LAGONEGRO;3;2013 ;Rieq.;PZ;BASILICATA; 5.584 
LAGONEGRO;3;2015 ;Rieq.;PZ;BASILICATA; 5.584 
LAGONEGRO;3;2016 ;Diss.;PZ;BASILICATA; 5.584 
LAINO CASTELLO;1;1994 ;Diss.;CS;CALABRIA; 962 
LAMEZIA TERME;2;2014 ;Rieq.;CZ;CALABRIA; 70.452 
LAMEZIA TERME;2;2014 ;Rieq.;CZ;CALABRIA; 70.452 
LAPPANO;1;1990 ;Diss.;CS;CALABRIA; 905 
LARDIRAGO;1;2019 ;Rieq.;PV;LOMBARDIA; 1.165 
LAURINO;1;1993 ;Diss.;SA;CAMPANIA; 2.242 
LAURO;2;1992 ;Diss.;AV;CAMPANIA; 3.613 
LAURO;2;2010 ;Diss.;AV;CAMPANIA; 3.613 
LAVAGNA;2;2017 ;Rieq.;GE;LIGURIA; 12.692 
LAVAGNA;2;2019 ;Diss.;GE;LIGURIA; 12.692 
LAVENA PONTE TRESA;1;2022 ;Rieq.;VA;LOMBARDIA; 5.603 
LECCE;1;2018 ;Rieq.;LE;PUGLIA; 95.441 
LECCE NEI MARSI;1;1989 ;Diss.;AQ;ABRUZZO; 1.615 
LENTINI;1;2015 ;Diss.;SR;SICILIA; 24.301 
LEONFORTE;2;2014 ;Rieq.;EN;SICILIA; 13.727 
LEONFORTE;2;2020 ;Diss.;EN;SICILIA; 13.727 
LEPORANO;1;1991 ;Diss.;TA;PUGLIA; 5.221 
LEQUILE;1;1992 ;Diss.;LE;PUGLIA; 7.646 
LIBRIZZI;1;2019 ;Rieq.;ME;SICILIA; 1.610 
LICATA;2;2021 ;Rieq.;AG;SICILIA; 34.341 
LICATA;2;2024 ;Diss.;AG;SICILIA; 34.341 
LIGONCHIO;1;1990 ;Diss.;RE;EMILIA ROMAGNA; 1.155 
LIMATOLA;2;1993 ;Diss.;BN;CAMPANIA; 3.532 
LIMATOLA;2;2021 ;Rieq.;BN;CAMPANIA; 3.532 
LIMBADI;1;1990 ;Diss.;VV;CALABRIA; 3.651 
LINGUAGLOSSA;2;1995 ;Diss.;CT;SICILIA; 5.357 
LINGUAGLOSSA;2;2017 ;Rieq.;CT;SICILIA; 5.357 
LIVERI;1;1992 ;Diss.;NA;CAMPANIA; 1.870 
LIZZANELLO;1;2015 ;Rieq.;LE;PUGLIA; 11.806 
LIZZANO;1;2016 ;Rieq.;TA;PUGLIA; 10.125 
LOCRI;3;2012 ;Rieq.;RC;CALABRIA; 12.467 
LOCRI;3;2015 ;Rieq.;RC;CALABRIA; 12.467 
LOCRI;3;2017 ;Diss.;RC;CALABRIA; 12.467 
LONGOBARDI;4;1994 ;Diss.;CS;CALABRIA; 2.248 
LONGOBARDI;4;2012 ;Rieq.;CS;CALABRIA; 2.248 
LONGOBARDI;4;2012 ;Rieq.;CS;CALABRIA; 2.248 
LONGOBARDI;4;2014 ;Rieq.;CS;CALABRIA; 2.248 
LUCERA;2;2014 ;Rieq.;FG;PUGLIA; 33.969 
LUCERA;2;2019 ;Diss.;FG;PUGLIA; 33.969 
LUNGRO;2;1989 ;Diss.;CS;CALABRIA; 2.783 
LUNGRO;2;2008 ;Diss.;CS;CALABRIA; 2.783 
LUOGOSANO;1;2021 ;Diss.;AV;CAMPANIA; 1.095 
LUSCIANO;1;2024 ;Diss.;CE;CAMPANIA; 16.203 
MACCHIA D'ISERNIA;1;1991 ;Diss.;IS;MOLISE; 963 
MACCHIA VALFORTORE;1;1989 ;Diss.;CB;MOLISE; 912 
MADDALONI;1;2012 ;Diss.;CE;CAMPANIA; 39.418 
MAGLIANO ROMANO;1;2019 ;Diss.;RM;LAZIO; 1.445 
MAGLIANO VETERE;1;1989 ;Diss.;SA;CAMPANIA; 987 
MAISSANA;1;2020 ;Rieq.;SP;LIGURIA; 614 
MALTIGNANO;1;2003 ;Diss.;AP;MARCHE; 2.374 
MALVAGNA;2;2021 ;Rieq.;ME;SICILIA; 638 
MALVAGNA;2;2022 ;Diss.;ME;SICILIA; 638 
MALVITO;1;2022 ;Rieq.;CS;CALABRIA; 1.604 
MANDATORICCIO;2;1990 ;Diss.;CS;CALABRIA; 2.765 
MANDATORICCIO;2;2018 ;Diss.;CS;CALABRIA; 2.765 
MANERBIO;1;2013 ;Rieq.;BS;LOMBARDIA; 12.808 
MANFREDONIA;1;2018 ;Rieq.;FG;PUGLIA; 56.906 
MANIACE;1;2021 ;Diss.;CT;SICILIA; 3.753 
MARANO DI NAPOLI;4;1991 ;Diss.;NA;CAMPANIA; 59.470 
MARANO DI NAPOLI;4;2014 ;Rieq.;NA;CAMPANIA; 59.470 
MARANO DI NAPOLI;4;2018 ;Diss.;NA;CAMPANIA; 59.470 
MARANO DI NAPOLI;4;2021 ;Rieq.;NA;CAMPANIA; 59.470 
MARANO EQUO;1;1992 ;Diss.;RM;LAZIO; 811 
MARCETELLI;1;1998 ;Diss.;RI;LAZIO; 137 
MARCHIROLO;1;1998 ;Diss.;VA;LOMBARDIA; 3.120 
MARGHERITA DI SAVOIA;1;2017 ;Rieq.;BT;PUGLIA; 11.855 
MARIGLIANELLA;2;2021 ;Rieq.;NA;CAMPANIA; 7.824 
MARIGLIANELLA;2;2022 ;Diss.;NA;CAMPANIA; 7.824 
MARINA DI GIOIOSA IONICA;1;2023 ;Rieq.;RC;CALABRIA; 6.304 
MARINEO;1;2019 ;Diss.;PA;SICILIA; 6.384 
MARTIGNANA DI PO;1;2017 ;Rieq.;CR;LOMBARDIA; 2.017 
MARTIRANO LOMBARDO;2;1991 ;Diss.;CZ;CALABRIA; 1.641 
MARTIRANO LOMBARDO;2;2023 ;Rieq.;CZ;CALABRIA; 1.641 
MARTONE;1;1989 ;Diss.;RC;CALABRIA; 697 
MARZANO APPIO;1;2023 ;Rieq.;CE;CAMPANIA; 1.958 
MARZI;1;2023 ;Rieq.;CS;CALABRIA; 980 
MASCALI;1;1994 ;Diss.;CT;SICILIA; 9.914 
MASCHITO;1;1994 ;Diss.;PZ;BASILICATA; 1.896 
MASSAROSA;2;2019 ;Diss.;LU;TOSCANA; 21.696 
MASSAROSA;2;2019 ;Rieq.;LU;TOSCANA; 21.696 
MAZZARINO;1;2023 ;Diss.;CL;SICILIA; 10.827 
MAZZARRA' SANT'ANDREA;1;2017 ;Diss.;ME;SICILIA; 1.507 
MAZZARRONE;1;2016 ;Rieq.;CT;SICILIA; 4.078 
MELISSANO;4;1990 ;Diss.;LE;PUGLIA; 7.178 
MELISSANO;4;2013 ;Rieq.;LE;PUGLIA; 7.178 
MELISSANO;4;2014 ;Rieq.;LE;PUGLIA; 7.178 
MELISSANO;4;2016 ;Diss.;LE;PUGLIA; 7.178 
MELITO DI NAPOLI;2;2018 ;Rieq.;NA;CAMPANIA; 37.943 
MELITO DI NAPOLI;2;2019 ;Diss.;NA;CAMPANIA; 37.943 
MELITO DI PORTO SALVO;2;2019 ;Rieq.;RC;CALABRIA; 11.017 
MELITO DI PORTO SALVO;2;2020 ;Diss.;RC;CALABRIA; 11.017 
MELIZZANO;1;1996 ;Diss.;BN;CAMPANIA; 1.918 
MELPIGNANO;1;1990 ;Diss.;LE;PUGLIA; 2.077 
MENDICINO;1;2024 ;Diss.;CS;CALABRIA; 9.002 
MENFI;2;2023 ;Rieq.;AG;SICILIA; 11.817 
MENFI;2;2024 ;Diss.;AG;SICILIA; 11.817 
MENTANA;2;2007 ;Diss.;RM;LAZIO; 18.578 
MENTANA;2;2022 ;Rieq.;RM;LAZIO; 18.578 
MERCATO SAN SEVERINO;1;2016 ;Rieq.;SA;CAMPANIA; 22.322 
MESSINA;2;2012 ;Rieq.;ME;SICILIA; 242.914 
MESSINA;2;2014 ;Rieq.;ME;SICILIA; 242.914 
MIGGIANO;1;1989 ;Diss.;LE;PUGLIA; 3.616 
MIGLIERINA;1;1989 ;Diss.;CZ;CALABRIA; 1.007 
MIGNANO MONTE LUNGO;1;1994 ;Diss.;CE;CAMPANIA; 3.303 
MILAZZO;3;2012 ;Rieq.;ME;SICILIA; 31.646 
MILAZZO;3;2016 ;Diss.;ME;SICILIA; 31.646 
MILAZZO;3;2016 ;Rieq.;ME;SICILIA; 31.646 
MILITELLO IN VAL DI CATANIA;1;2023 ;Rieq.;CT;SICILIA; 6.729 
MILITELLO ROSMARINO;1;2021 ;Diss.;ME;SICILIA; 1.174 
MILO;2;2022 ;Rieq.;CT;SICILIA; 1.039 
MILO;2;2023 ;Diss.;CT;SICILIA; 1.039 
MINTURNO;2;1990 ;Diss.;LT;LAZIO; 19.783 
MINTURNO;2;2016 ;Rieq.;LT;LAZIO; 19.783 
MIRABELLA IMBACCARI;2;2013 ;Rieq.;CT;SICILIA; 4.981 
MIRABELLA IMBACCARI;2;2015 ;Diss.;CT;SICILIA; 4.981 
MIRANDA;1;2015 ;Rieq.;IS;MOLISE; 1.066 
MODICA;1;2012 ;Rieq.;RG;SICILIA; 53.946 
MOIO ALCANTARA;1;2023 ;Diss.;ME;SICILIA; 686 
MOLINARA;2;2018 ;Rieq.;BN;CAMPANIA; 1.593 
MOLINARA;2;2024 ;Diss.;BN;CAMPANIA; 1.593 
MOLISE;1;1989 ;Diss.;CB;MOLISE; 143 
MOLITERNO;1;1992 ;Diss.;PZ;BASILICATA; 5.012 
MOMBAROCCIO;1;2014 ;Rieq.;PU;MARCHE; 2.141 
MONASTERACE;3;1992 ;Diss.;RC;CALABRIA; 3.429 
MONASTERACE;3;2012 ;Rieq.;RC;CALABRIA; 3.429 
MONASTERACE;3;2013 ;Diss.;RC;CALABRIA; 3.429 
MONCHIO DELLE CORTI;1;1996 ;Diss.;PR;EMILIA ROMAGNA; 1.302 
MONDRAGONE;1;2022 ;Rieq.;CE;CAMPANIA; 28.622 
MONFORTE SAN GIORGIO;2;2020 ;Rieq.;ME;SICILIA; 2.618 
MONFORTE SAN GIORGIO;2;2024 ;Diss.;ME;SICILIA; 2.618 
MONGIARDINO LIGURE;2;2019 ;Rieq.;AL;PIEMONTE; 158 
MONGIARDINO LIGURE;2;2021 ;Diss.;AL;PIEMONTE; 158 
MONREALE;2;2012 ;Rieq.;PA;SICILIA; 38.068 
MONREALE;2;2018 ;Diss.;PA;SICILIA; 38.068 
MONTALBANO JONICO;1;2016 ;Rieq.;MT;BASILICATA; 7.357 
MONTALTO UFFUGO;1;2015 ;Rieq.;CS;CALABRIA; 19.517 
MONTE DI PROCIDA;1;1989 ;Diss.;NA;CAMPANIA; 12.311 
MONTE PORZIO;1;2019 ;Rieq.;PU;MARCHE; 2.825 
MONTE PORZIO CATONE;1;2018 ;Diss.;RM;LAZIO; 8.718 
MONTE SAN BIAGIO;1;2022 ;Rieq.;LT;LAZIO; 6.044 
MONTE SAN PIETRANGELI;1;2016 ;Rieq.;FM;MARCHE; 2.458 
MONTECALVO IRPINO;1;2009 ;Diss.;AV;CAMPANIA; 4.009 
MONTECORVINO PUGLIANO;3;1992 ;Diss.;SA;CAMPANIA; 10.701 
MONTECORVINO PUGLIANO;3;2016 ;Diss.;SA;CAMPANIA; 10.701 
MONTECORVINO PUGLIANO;3;2019 ;Rieq.;SA;CAMPANIA; 10.701 
MONTEFALCO;1;2021 ;Rieq.;PG;UMBRIA; 5.410 
MONTEFORTE CILENTO;1;1989 ;Diss.;SA;CAMPANIA; 598 
MONTEFORTE IRPINO;1;2023 ;Rieq.;AV;CAMPANIA; 11.438 
MONTEGIORDANO;1;1989 ;Diss.;CS;CALABRIA; 2.623 
MONTEIASI;1;1990 ;Diss.;TA;PUGLIA; 5.257 
MONTELANICO;2;2023 ;Diss.;RM;LAZIO; 2.030 
MONTELANICO;2;2023 ;Rieq.;RM;LAZIO; 2.030 
MONTEMESOLA;2;1991 ;Diss.;TA;PUGLIA; 4.035 
MONTEMESOLA;2;2014 ;Rieq.;TA;PUGLIA; 4.035 
MONTEMILETTO;1;2018 ;Diss.;AV;CAMPANIA; 5.288 
MONTEMITRO;1;2020 ;Rieq.;CB;MOLISE; 327 
MONTEPAONE;1;2019 ;Rieq.;CZ;CALABRIA; 5.444 
MONTEPARANO;3;1991 ;Diss.;TA;PUGLIA; 2.403 
MONTEPARANO;3;2015 ;Rieq.;TA;PUGLIA; 2.403 
MONTEPARANO;3;2017 ;Diss.;TA;PUGLIA; 2.403 
MONTERENZIO;1;2019 ;Rieq.;BO;EMILIA ROMAGNA; 6.163 
MONTERODUNI;1;2018 ;Rieq.;IS;MOLISE; 2.135 
MONTERONI D'ARBIA;1;1989 ;Diss.;SI;TOSCANA; 6.310 
MONTEROSSO ALMO;1;2017 ;Rieq.;RG;SICILIA; 2.995 
MONTESANO SALENTINO;1;1989 ;Diss.;LE;PUGLIA; 2.556 
MONTESCAGLIOSO;2;2013 ;Rieq.;MT;BASILICATA; 10.092 
MONTESCAGLIOSO;2;2017 ;Diss.;MT;BASILICATA; 10.092 
MONTOPOLI DI SABINA;1;2015 ;Rieq.;RI;LAZIO; 4.229 
MONTORIO ROMANO;1;1993 ;Diss.;RM;LAZIO; 1.872 
MORCONE;1;1994 ;Diss.;BN;CAMPANIA; 6.469 
MORESCO;1;1989 ;Diss.;FM;MARCHE; 504 
MORMANNO;1;1989 ;Diss.;CS;CALABRIA; 4.169 
MOROLO;2;2019 ;Diss.;FR;LAZIO; 3.227 
MOROLO;2;2019 ;Rieq.;FR;LAZIO; 3.227 
MORRO REATINO;1;2020 ;Rieq.;RI;LAZIO; 351 
MOSCHIANO;1;2006 ;Diss.;AV;CAMPANIA; 1.750 
MOTTA CAMASTRA;1;2013 ;Rieq.;ME;SICILIA; 864 
MOTTA SAN GIOVANNI;2;2013 ;Rieq.;RC;CALABRIA; 6.124 
MOTTA SAN GIOVANNI;2;2019 ;Diss.;RC;CALABRIA; 6.124 
MOZZATE;1;2014 ;Rieq.;CO;LOMBARDIA; 8.749 
MURO LUCANO;1;2017 ;Diss.;PZ;BASILICATA; 5.395 
MUSSOMELI;3;2015 ;Rieq.;CL;SICILIA; 10.780 
MUSSOMELI;3;2016 ;Diss.;CL;SICILIA; 10.780 
MUSSOMELI;3;2024 ;Rieq.;CL;SICILIA; 10.780 
NAPOLI;2;1993 ;Diss.;NA;CAMPANIA; 961.106 
NAPOLI;2;2012 ;Rieq.;NA;CAMPANIA; 961.106 
NARDODIPACE;1;2012 ;Diss.;VV;CALABRIA; 1.377 
NARO;2;2021 ;Rieq.;AG;SICILIA; 6.977 
NARO;2;2022 ;Diss.;AG;SICILIA; 6.977 
NESSO;1;2014 ;Rieq.;CO;LOMBARDIA; 1.243 
NICOTERA;2;1989 ;Diss.;VV;CALABRIA; 6.155 
NICOTERA;2;2018 ;Diss.;VV;CALABRIA; 6.155 
NISCEMI;2;2019 ;Rieq.;CL;SICILIA; 26.247 
NISCEMI;2;2023 ;Diss.;CL;SICILIA; 26.247 
NISSORIA;1;2021 ;Rieq.;EN;SICILIA; 2.821 
NOCERA INFERIORE;2;1990 ;Diss.;SA;CAMPANIA; 46.276 
NOCERA INFERIORE;2;2013 ;Rieq.;SA;CAMPANIA; 46.276 
NOCERA TERINESE;3;2013 ;Rieq.;CZ;CALABRIA; 4.731 
NOCERA TERINESE;3;2014 ;Rieq.;CZ;CALABRIA; 4.731 
NOCERA TERINESE;3;2016 ;Diss.;CZ;CALABRIA; 4.731 
NOEPOLI;1;2020 ;Rieq.;PZ;BASILICATA; 789 
NOLA;2;2018 ;Rieq.;NA;CAMPANIA; 34.467 
NOLA;2;2019 ;Diss.;NA;CAMPANIA; 34.467 
NOTO;1;2022 ;Diss.;SR;SICILIA; 24.264 
NOVA SIRI;1;2013 ;Rieq.;MT;BASILICATA; 6.689 
OFENA;1;2021 ;Rieq.;AQ;ABRUZZO; 417 
OFFAGNA;2;2015 ;Rieq.;AN;MARCHE; 1.935 
OFFAGNA;2;2016 ;Diss.;AN;MARCHE; 1.935 
OLBIA;1;1989 ;Diss.;SS;SARDEGNA; 38.944 
OLCENENGO;1;2021 ;Rieq.;VC;PIEMONTE; 786 
OLEVANO ROMANO;1;2020 ;Rieq.;RM;LAZIO; 6.537 
OLIVADI;1;1991 ;Diss.;CZ;CALABRIA; 829 
OLIVERI;2;2022 ;Rieq.;ME;SICILIA; 2.086 
OLIVERI;2;2023 ;Diss.;ME;SICILIA; 2.086 
OLIVETO LUCANO;1;1989 ;Diss.;MT;BASILICATA; 700 
ORIOLO;1;1994 ;Diss.;CS;CALABRIA; 3.152 
ORTA DI ATELLA;3;2015 ;Diss.;CE;CAMPANIA; 26.997 
ORTA DI ATELLA;3;2020 ;Rieq.;CE;CAMPANIA; 26.997 
ORTA DI ATELLA;3;2023 ;Diss.;CE;CAMPANIA; 26.997 
ORVIETO;1;2013 ;Rieq.;TR;UMBRIA; 21.048 
ORVINIO;1;2021 ;Rieq.;RI;LAZIO; 393 
OSSAGO LODIGIANO;1;1990 ;Diss.;LO;LOMBARDIA; 934 
OTRICOLI;1;1990 ;Diss.;TR;UMBRIA; 1.721 
OTTATI;1;1992 ;Diss.;SA;CAMPANIA; 993 
OTTAVIANO;1;1993 ;Diss.;NA;CAMPANIA; 22.155 
PACE DEL MELA;1;2023 ;Rieq.;ME;SICILIA; 5.956 
PACENTRO;2;2013 ;Diss.;AQ;ABRUZZO; 1.186 
PACENTRO;2;2013 ;Rieq.;AQ;ABRUZZO; 1.186 
PACHINO;2;2017 ;Rieq.;SR;SICILIA; 22.263 
PACHINO;2;2019 ;Diss.;SR;SICILIA; 22.263 
PAGANI;2;2013 ;Rieq.;SA;CAMPANIA; 34.500 
PAGANI;2;2019 ;Diss.;SA;CAMPANIA; 34.500 
PAGAZZANO;1;2024 ;Rieq.;BG;LOMBARDIA; 2.130 
PAGO DEL VALLO DI LAURO;1;1994 ;Diss.;AV;CAMPANIA; 1.719 
PALADINA;1;1992 ;Diss.;BG;LOMBARDIA; 3.110 
PALAGIANELLO;1;1995 ;Diss.;TA;PUGLIA; 7.264 
PALAGONIA;5;1994 ;Diss.;CT;SICILIA; 16.609 
PALAGONIA;5;2013 ;Rieq.;CT;SICILIA; 16.609 
PALAGONIA;5;2014 ;Diss.;CT;SICILIA; 16.609 
PALAGONIA;5;2019 ;Rieq.;CT;SICILIA; 16.609 
PALAGONIA;5;2021 ;Diss.;CT;SICILIA; 16.609 
PALAZZO CANAVESE;1;2021 ;Rieq.;TO;PIEMONTE; 837 
PALAZZO SAN GERVASIO;2;1989 ;Diss.;PZ;BASILICATA; 6.384 
PALAZZO SAN GERVASIO;2;2021 ;Rieq.;PZ;BASILICATA; 6.384 
PALERMITI;1;1989 ;Diss.;CZ;CALABRIA; 1.458 
PALERMO;1;2021 ;Rieq.;PA;SICILIA; 647.422 
PALIZZI;1;2020 ;Diss.;RC;CALABRIA; 2.201 
PALLAGORIO;1;1990 ;Diss.;KR;CALABRIA; 1.796 
PALMARIGGI;1;1990 ;Diss.;LE;PUGLIA; 1.564 
PALOMBARA SABINA;2;1993 ;Diss.;RM;LAZIO; 9.164 
PALOMBARA SABINA;2;2023 ;Rieq.;RM;LAZIO; 9.164 
PALOMBARO;2;2019 ;Rieq.;CH;ABRUZZO; 973 
PALOMBARO;2;2020 ;Diss.;CH;ABRUZZO; 973 
PANETTIERI;1;1989 ;Diss.;CS;CALABRIA; 327 
PANNARANO;1;1989 ;Diss.;BN;CAMPANIA; 2.024 
PANNI;1;2021 ;Rieq.;FG;PUGLIA; 741 
PAOLA;3;1993 ;Diss.;CS;CALABRIA; 16.389 
PAOLA;3;2012 ;Diss.;CS;CALABRIA; 16.389 
PAOLA;3;2023 ;Rieq.;CS;CALABRIA; 16.389 
PAOLISI;4;2019 ;Diss.;BN;CAMPANIA; 2.063 
PAOLISI;4;2019 ;Rieq.;BN;CAMPANIA; 2.063 
PAOLISI;4;2021 ;Rieq.;BN;CAMPANIA; 2.063 
PAOLISI;4;2022 ;Diss.;BN;CAMPANIA; 2.063 
PARETE;1;1990 ;Diss.;CE;CAMPANIA; 8.672 
PARTINICO;2;2018 ;Diss.;PA;SICILIA; 31.786 
PARTINICO;2;2018 ;Rieq.;PA;SICILIA; 31.786 
PASTENA;1;2012 ;Diss.;FR;LAZIO; 1.522 
PATERNO';1;2021 ;Rieq.;CT;SICILIA; 46.202 
PATERNOPOLI;1;2006 ;Diss.;AV;CAMPANIA; 2.607 
PATRICA;1;2022 ;Rieq.;FR;LAZIO; 3.071 
PATTI;1;2021 ;Rieq.;ME;SICILIA; 12.727 
PAULLO;1;2015 ;Rieq.;MI;LOMBARDIA; 11.334 
PAUPISI;1;1990 ;Diss.;BN;CAMPANIA; 1.714 
PEDACE;1;1990 ;Diss.;CS;CALABRIA; 2.239 
PEDARA;2;2022 ;Diss.;CT;SICILIA; 15.058 
PEDARA;2;2022 ;Rieq.;CT;SICILIA; 15.058 
PEDASO;1;1993 ;Diss.;FM;MARCHE; 1.968 
PEDIVIGLIANO;1;1991 ;Diss.;CS;CALABRIA; 1.054 
PERTOSA;2;1997 ;Diss.;SA;CAMPANIA; 683 
PERTOSA;2;2018 ;Rieq.;SA;CAMPANIA; 683 
PESCARA;1;2014 ;Rieq.;PE;ABRUZZO; 121.325 
PESCHICI;1;2014 ;Rieq.;FG;PUGLIA; 4.575 
PESCIA;1;2013 ;Rieq.;PT;TOSCANA; 19.420 
PESCOPAGANO;1;1995 ;Diss.;PZ;BASILICATA; 2.305 
PESCOPENNATARO;1;2021 ;Rieq.;IS;MOLISE; 233 
PESCOSOLIDO;1;2019 ;Rieq.;FR;LAZIO; 1.482 
PETILIA POLICASTRO;1;1991 ;Diss.;KR;CALABRIA; 10.473 
PETINA;1;2017 ;Rieq.;SA;CAMPANIA; 1.147 
PETRELLA SALTO;1;1995 ;Diss.;RI;LAZIO; 1.501 
PETRIZZI;1;1989 ;Diss.;CZ;CALABRIA; 1.431 
PETROSINO;2;2022 ;Rieq.;TP;SICILIA; 7.903 
PETROSINO;2;2023 ;Diss.;TP;SICILIA; 7.903 
PETTORANO SUL GIZIO;1;1991 ;Diss.;AQ;ABRUZZO; 1.293 
PIANA DEGLI ALBANESI;1;2015 ;Rieq.;PA;SICILIA; 6.286 
PIANA DI MONTE VERNA;1;2014 ;Diss.;CE;CAMPANIA; 2.354 
PIAZZA ARMERINA;2;2019 ;Rieq.;EN;SICILIA; 21.188 
PIAZZA ARMERINA;2;2020 ;Diss.;EN;SICILIA; 21.188 
PICO;1;2009 ;Diss.;FR;LAZIO; 3.082 
PIEDIMONTE MATESE;1;2019 ;Diss.;CE;CAMPANIA; 10.753 
PIETRADEFUSI;2;2022 ;Diss.;AV;CAMPANIA; 1.916 
PIETRADEFUSI;2;2023 ;Diss.;AV;CAMPANIA; 1.916 
PIETRAFERRAZZANA;1;1989 ;Diss.;CH;ABRUZZO; 103 
PIETRAMELARA;1;2019 ;Rieq.;CE;CAMPANIA; 4.594 
PIETRAPAOLA;3;1989 ;Diss.;CS;CALABRIA; 1.063 
PIETRAPAOLA;3;2019 ;Rieq.;CS;CALABRIA; 1.063 
PIETRAPAOLA;3;2023 ;Diss.;CS;CALABRIA; 1.063 
PIETRASANTA;1;2016 ;Rieq.;LU;TOSCANA; 24.007 
PIETRASTORNINA;2;2018 ;Rieq.;AV;CAMPANIA; 1.532 
PIETRASTORNINA;2;2020 ;Diss.;AV;CAMPANIA; 1.532 
PIGNATARO INTERAMNA;3;2005 ;Diss.;FR;LAZIO; 2.495 
PIGNATARO INTERAMNA;3;2017 ;Rieq.;FR;LAZIO; 2.495 
PIGNATARO INTERAMNA;3;2018 ;Diss.;FR;LAZIO; 2.495 
PINAROLO PO;1;2020 ;Rieq.;PV;LOMBARDIA; 1.711 
PIZZO;2;2014 ;Rieq.;VV;CALABRIA; 9.263 
PIZZO;2;2017 ;Diss.;VV;CALABRIA; 9.263 
PIZZONE;2;2021 ;Rieq.;IS;MOLISE; 312 
PIZZONE;2;2022 ;Diss.;IS;MOLISE; 312 
PLACANICA;1;2013 ;Rieq.;RC;CALABRIA; 1.228 
POGGIARDO;1;1989 ;Diss.;LE;PUGLIA; 6.011 
POGGIO CATINO;1;1999 ;Diss.;RI;LAZIO; 1.189 
POGGIO NATIVO;1;2020 ;Diss.;RI;LAZIO; 2.510 
POLLENA TROCCHIA;1;1998 ;Diss.;NA;CAMPANIA; 13.243 
PONTELANDOLFO;1;2003 ;Diss.;BN;CAMPANIA; 2.513 
PONTELATONE;1;2021 ;Rieq.;CE;CAMPANIA; 1.523 
PONTINIA;1;2004 ;Diss.;LT;LAZIO; 13.118 
PONTINVREA;1;1989 ;Diss.;SV;LIGURIA; 678 
PONZA;1;2022 ;Rieq.;LT;LAZIO; 3.289 
PORTICI;1;2016 ;Rieq.;NA;CAMPANIA; 55.274 
PORTICO DI CASERTA;2;2017 ;Rieq.;CE;CAMPANIA; 7.856 
PORTICO DI CASERTA;2;2019 ;Diss.;CE;CAMPANIA; 7.856 
PORTO AZZURRO;3;2012 ;Rieq.;LI;TOSCANA; 3.833 
PORTO AZZURRO;3;2014 ;Diss.;LI;TOSCANA; 3.833 
PORTO AZZURRO;3;2014 ;Rieq.;LI;TOSCANA; 3.833 
PORTO EMPEDOCLE;1;2016 ;Diss.;AG;SICILIA; 17.044 
PORTOCANNONE;1;2017 ;Diss.;CB;MOLISE; 2.536 
PORTOFERRAIO;1;2023 ;Rieq.;LI;TOSCANA; 11.808 
PORTOMAGGIORE;1;2017 ;Rieq.;FE;EMILIA ROMAGNA; 11.756 
POTENZA;3;1995 ;Diss.;PZ;BASILICATA; 67.403 
POTENZA;3;2014 ;Diss.;PZ;BASILICATA; 67.403 
POTENZA;3;2022 ;Rieq.;PZ;BASILICATA; 67.403 
POVEGLIANO VERONESE;1;2017 ;Rieq.;VR;VENETO; 7.180 
POZZALLO;2;2014 ;Rieq.;RG;SICILIA; 19.571 
POZZALLO;2;2017 ;Rieq.;RG;SICILIA; 19.571 
PRATA D'ANSIDONIA;1;1989 ;Diss.;AQ;ABRUZZO; 544 
PRATA DI PRINCIPATO ULTRA;1;2016 ;Diss.;AV;CAMPANIA; 2.944 
PRATELLA;1;2013 ;Rieq.;CE;CAMPANIA; 1.613 
PRATOLA SERRA;1;2021 ;Rieq.;AV;CAMPANIA; 3.739 
PREMOSELLO-CHIOVENDA;1;2022 ;Rieq.;VB;PIEMONTE; 1.835 
PROCIDA;2;1991 ;Diss.;NA;CAMPANIA; 10.226 
PROCIDA;2;2012 ;Rieq.;NA;CAMPANIA; 10.226 
PROVVIDENTI;1;1990 ;Diss.;CB;MOLISE; 143 
PUGLIANELLO;1;1989 ;Diss.;BN;CAMPANIA; 1.186 
PULSANO;1;2018 ;Rieq.;TA;PUGLIA; 11.504 
QUARTO;2;2016 ;Rieq.;NA;CAMPANIA; 40.930 
QUARTO;2;2019 ;Diss.;NA;CAMPANIA; 40.930 
QUINDICI;2;1994 ;Diss.;AV;CAMPANIA; 1.944 
QUINDICI;2;2015 ;Diss.;AV;CAMPANIA; 1.944 
RACALE;1;2018 ;Rieq.;LE;PUGLIA; 11.011 
RACALMUTO;1;2012 ;Rieq.;AG;SICILIA; 8.340 
RADDUSA;1;2024 ;Diss.;CT;SICILIA; 2.787 
RAIANO;1;1994 ;Diss.;AQ;ABRUZZO; 2.705 
RAMACCA;1;2005 ;Diss.;CT;SICILIA; 10.590 
RAMISETO;1;1991 ;Diss.;RE;EMILIA ROMAGNA; 1.570 
RANDAZZO;2;2016 ;Rieq.;CT;SICILIA; 10.900 
RANDAZZO;2;2019 ;Diss.;CT;SICILIA; 10.900 
RAVELLO;1;1997 ;Diss.;SA;CAMPANIA; 2.524 
RAVISCANINA;1;2014 ;Diss.;CE;CAMPANIA; 1.368 
RECALE;1;2013 ;Diss.;CE;CAMPANIA; 7.693 
REGGIO DI CALABRIA;1;2012 ;Rieq.;RC;CALABRIA; 180.719 
REINO;2;1993 ;Diss.;BN;CAMPANIA; 1.152 
REINO;2;2018 ;Rieq.;BN;CAMPANIA; 1.152 
RENDE;1;2013 ;Rieq.;CS;CALABRIA; 33.756 
RIACE;3;1989 ;Diss.;RC;CALABRIA; 2.345 
RIACE;3;2017 ;Rieq.;RC;CALABRIA; 2.345 
RIACE;3;2018 ;Diss.;RC;CALABRIA; 2.345 
RIESI;1;2019 ;Diss.;CL;SICILIA; 11.176 
RIETI;1;2013 ;Rieq.;RI;LAZIO; 47.153 
RIGNANO FLAMINIO;1;2018 ;Rieq.;RM;LAZIO; 10.328 
RIOMAGGIORE;2;2011 ;Diss.;SP;LIGURIA; 1.679 
RIOMAGGIORE;2;2019 ;Rieq.;SP;LIGURIA; 1.679 
RIONERO SANNITICO;3;1991 ;Diss.;IS;MOLISE; 1.143 
RIONERO SANNITICO;3;2009 ;Diss.;IS;MOLISE; 1.143 
RIONERO SANNITICO;3;2017 ;Rieq.;IS;MOLISE; 1.143 
RIPATRANSONE;1;1990 ;Diss.;AP;MARCHE; 4.311 
RIPOSTO;2;1989 ;Diss.;CT;SICILIA; 14.192 
RIPOSTO;2;2013 ;Rieq.;CT;SICILIA; 14.192 
ROBECCO PAVESE;1;1990 ;Diss.;PV;LOMBARDIA; 505 
ROCCA CANTERANO;1;1992 ;Diss.;RM;LAZIO; 279 
ROCCA DE' GIORGI;1;1994 ;Diss.;PV;LOMBARDIA; 145 
ROCCA DI NETO;4;1989 ;Diss.;KR;CALABRIA; 5.696 
ROCCA DI NETO;4;2012 ;Rieq.;KR;CALABRIA; 5.696 
ROCCA DI NETO;4;2014 ;Rieq.;KR;CALABRIA; 5.696 
ROCCA DI NETO;4;2015 ;Diss.;KR;CALABRIA; 5.696 
ROCCA IMPERIALE;1;1991 ;Diss.;CS;CALABRIA; 3.333 
ROCCA PRIORA;1;2008 ;Diss.;RM;LAZIO; 10.759 
ROCCA SANTO STEFANO;1;1989 ;Diss.;RM;LAZIO; 958 
ROCCABASCERANA;2;2012 ;Rieq.;AV;CAMPANIA; 2.347 
ROCCABASCERANA;2;2014 ;Diss.;AV;CAMPANIA; 2.347 
ROCCABERNARDA;1;2002 ;Diss.;KR;CALABRIA; 3.391 
ROCCAFIORITA;1;1990 ;Diss.;ME;SICILIA; 224 
ROCCAFORTE DEL GRECO;1;1989 ;Diss.;RC;CALABRIA; 1.171 
ROCCAGIOVINE;2;1990 ;Diss.;RM;LAZIO; 271 
ROCCAGIOVINE;2;2013 ;Rieq.;RM;LAZIO; 271 
ROCCAGLORIOSA;1;1989 ;Diss.;SA;CAMPANIA; 2.033 
ROCCAGORGA;1;2021 ;Rieq.;LT;LAZIO; 4.159 
ROCCALUMERA;2;2023 ;Rieq.;ME;SICILIA; 4.064 
ROCCALUMERA;2;2024 ;Diss.;ME;SICILIA; 4.064 
ROCCAMONFINA;3;2004 ;Diss.;CE;CAMPANIA; 3.662 
ROCCAMONFINA;3;2011 ;Diss.;CE;CAMPANIA; 3.662 
ROCCAMONFINA;3;2017 ;Rieq.;CE;CAMPANIA; 3.662 
ROCCAROMANA;2;1989 ;Diss.;CE;CAMPANIA; 829 
ROCCAROMANA;2;2019 ;Rieq.;CE;CAMPANIA; 829 
ROCCELLA VALDEMONE;2;2023 ;Rieq.;ME;SICILIA; 560 
ROCCELLA VALDEMONE;2;2024 ;Diss.;ME;SICILIA; 560 
ROCCHETTA A VOLTURNO;1;1992 ;Diss.;IS;MOLISE; 1.108 
ROCCHETTA BELBO;1;1991 ;Diss.;CN;PIEMONTE; 204 
ROCCHETTA DI VARA;1;2020 ;Rieq.;SP;LIGURIA; 680 
ROCCHETTA LIGURE;1;2022 ;Rieq.;AL;PIEMONTE; 223 
RODI GARGANICO;2;2015 ;Diss.;FG;PUGLIA; 3.699 
RODI GARGANICO;2;2015 ;Rieq.;FG;PUGLIA; 3.699 
ROGLIANO;1;2017 ;Rieq.;CS;CALABRIA; 5.782 
ROIATE;1;1989 ;Diss.;RM;LAZIO; 764 
ROMBIOLO;1;2018 ;Rieq.;VV;CALABRIA; 4.524 
ROSE;1;1994 ;Diss.;CS;CALABRIA; 4.207 
ROSOLINI;2;2017 ;Rieq.;SR;SICILIA; 21.322 
ROSOLINI;2;2019 ;Diss.;SR;SICILIA; 21.322 
ROTA GRECA;3;1989 ;Diss.;CS;CALABRIA; 1.358 
ROTA GRECA;3;2023 ;Rieq.;CS;CALABRIA; 1.358 
ROTA GRECA;3;2024 ;Diss.;CS;CALABRIA; 1.358 
ROTELLO;1;2018 ;Rieq.;CB;MOLISE; 1.191 
RUOTI;1;1994 ;Diss.;PZ;BASILICATA; 3.775 
RUVO DEL MONTE;1;2014 ;Rieq.;PZ;BASILICATA; 1.099 
SABBIA;1;1990 ;Diss.;VC;PIEMONTE; 83 
SACROFANO;1;2021 ;Rieq.;RM;LAZIO; 7.293 
SALVE;1;1989 ;Diss.;LE;PUGLIA; 4.536 
SALVITELLE;1;1994 ;Diss.;SA;CAMPANIA; 891 
SALZANO;1;1991 ;Diss.;VE;VENETO; 10.997 
SAMBUCI;1;1989 ;Diss.;RM;LAZIO; 678 
SAMO;1;2012 ;Diss.;RC;CALABRIA; 867 
SAN BARTOLOMEO IN GALDO;2;1990 ;Diss.;BN;CAMPANIA; 4.743 
SAN BARTOLOMEO IN GALDO;2;2018 ;Rieq.;BN;CAMPANIA; 4.743 
SAN BENEDETTO ULLANO;1;1991 ;Diss.;CS;CALABRIA; 1.807 
SAN CALOGERO;2;2014 ;Rieq.;VV;CALABRIA; 4.247 
SAN CALOGERO;2;2017 ;Diss.;VV;CALABRIA; 4.247 
SAN CATALDO;2;2017 ;Rieq.;CL;SICILIA; 22.865 
SAN CATALDO;2;2019 ;Diss.;CL;SICILIA; 22.865 
SAN CIPRIANO D'AVERSA;2;1991 ;Diss.;CE;CAMPANIA; 13.514 
SAN CIPRIANO D'AVERSA;2;2013 ;Diss.;CE;CAMPANIA; 13.514 
SAN CIPRIANO PICENTINO;1;2022 ;Rieq.;SA;CAMPANIA; 6.529 
SAN COSMO ALBANESE;1;1989 ;Diss.;CS;CALABRIA; 747 
SAN COSTANTINO ALBANESE;1;1992 ;Diss.;PZ;BASILICATA; 1.075 
SAN DANIELE PO;2;2020 ;Rieq.;CR;LOMBARDIA; 1.319 
SAN DANIELE PO;2;2022 ;Diss.;CR;LOMBARDIA; 1.319 
SAN DEMETRIO CORONE;2;1992 ;Diss.;CS;CALABRIA; 4.418 
SAN DEMETRIO CORONE;2;2022 ;Rieq.;CS;CALABRIA; 4.418 
SAN DONATO DI LECCE;1;1989 ;Diss.;LE;PUGLIA; 5.563 
SAN FEDELE INTELVI;1;2017 ;Rieq.;CO;LOMBARDIA; 1.827 
SAN FELE;1;2013 ;Rieq.;PZ;BASILICATA; 3.106 
SAN FELICE A CANCELLO;1;2016 ;Diss.;CE;CAMPANIA; 17.568 
SAN FELICE CIRCEO;1;2012 ;Diss.;LT;LAZIO; 8.726 
SAN FILI;1;1989 ;Diss.;CS;CALABRIA; 2.451 
SAN FRATELLO;2;2018 ;Rieq.;ME;SICILIA; 3.592 
SAN FRATELLO;2;2019 ;Diss.;ME;SICILIA; 3.592 
SAN GEMINI;1;2017 ;Rieq.;TR;UMBRIA; 5.018 
SAN GIORGIO A LIRI;1;2009 ;Diss.;FR;LAZIO; 3.160 
SAN GIORGIO IONICO;1;2015 ;Rieq.;TA;PUGLIA; 15.514 
SAN GIOVANNI IN FIORE;2;2012 ;Rieq.;CS;CALABRIA; 17.655 
SAN GIOVANNI IN FIORE;2;2014 ;Diss.;CS;CALABRIA; 17.655 
SAN GIULIANO DEL SANNIO;1;2017 ;Rieq.;CB;MOLISE; 1.006 
SAN GIULIANO MILANESE;1;2016 ;Rieq.;MI;LOMBARDIA; 38.226 
SAN GREGORIO D'IPPONA;1;1992 ;Diss.;VV;CALABRIA; 2.430 
SAN GREGORIO MATESE;1;2011 ;Diss.;CE;CAMPANIA; 1.016 
SAN LEUCIO DEL SANNIO;1;2013 ;Diss.;BN;CAMPANIA; 3.184 
SAN LORENZO;3;1994 ;Diss.;RC;CALABRIA; 2.640 
SAN LORENZO;3;2016 ;Diss.;RC;CALABRIA; 2.640 
SAN LORENZO;3;2016 ;Rieq.;RC;CALABRIA; 2.640 
SAN LORENZO BELLIZZI;1;1989 ;Diss.;CS;CALABRIA; 909 
SAN LORENZO DEL VALLO;2;2016 ;Rieq.;CS;CALABRIA; 3.394 
SAN LORENZO DEL VALLO;2;2018 ;Diss.;CS;CALABRIA; 3.394 
SAN LORENZO MAGGIORE;2;1989 ;Diss.;BN;CAMPANIA; 2.078 
SAN LORENZO MAGGIORE;2;2019 ;Diss.;BN;CAMPANIA; 2.078 
SAN LUCIDO;3;1998 ;Diss.;CS;CALABRIA; 6.047 
SAN LUCIDO;3;2012 ;Rieq.;CS;CALABRIA; 6.047 
SAN LUCIDO;3;2016 ;Diss.;CS;CALABRIA; 6.047 
SAN MANGO D'AQUINO;3;1989 ;Diss.;CZ;CALABRIA; 1.546 
SAN MANGO D'AQUINO;3;2017 ;Diss.;CZ;CALABRIA; 1.546 
SAN MANGO D'AQUINO;3;2017 ;Rieq.;CZ;CALABRIA; 1.546 
SAN MARCELLINO;2;1990 ;Diss.;CE;CAMPANIA; 13.587 
SAN MARCELLINO;2;2014 ;Diss.;CE;CAMPANIA; 13.587 
SAN MARCO DEI CAVOTI;1;2018 ;Rieq.;BN;CAMPANIA; 3.295 
SAN MARCO EVANGELISTA;1;1993 ;Diss.;CE;CAMPANIA; 5.370 
SAN MARCO IN LAMIS;2;2014 ;Rieq.;FG;PUGLIA; 13.939 
SAN MARCO IN LAMIS;2;2015 ;Diss.;FG;PUGLIA; 13.939 
SAN MARCO LA CATOLA;1;2020 ;Rieq.;FG;PUGLIA; 916 
SAN MARTINO IN PENSILIS;1;2021 ;Rieq.;CB;MOLISE; 4.530 
SAN MAURO LA BRUCA;1;1989 ;Diss.;SA;CAMPANIA; 906 
SAN NICANDRO GARGANICO;1;2012 ;Diss.;FG;PUGLIA; 15.890 
SAN NICOLA ARCELLA;1;2019 ;Rieq.;CS;CALABRIA; 1.881 
SAN NICOLA DELL'ALTO;1;1990 ;Diss.;KR;CALABRIA; 1.443 
SAN NICOLA LA STRADA;1;2014 ;Diss.;CE;CAMPANIA; 22.106 
SAN NICOLA MANFREDI;1;2012 ;Rieq.;BN;CAMPANIA; 3.641 
SAN PAOLO DI CIVITATE;1;2016 ;Diss.;FG;PUGLIA; 5.818 
SAN PIETRO A MAIDA;1;2017 ;Rieq.;CZ;CALABRIA; 4.151 
SAN PIETRO DI CARIDA';1;2023 ;Rieq.;RC;CALABRIA; 960 
SAN PIETRO IN CASALE;1;2023 ;Rieq.;BO;EMILIA ROMAGNA; 12.953 
SAN PIETRO IN GUARANO;1;1990 ;Diss.;CS;CALABRIA; 3.768 
SAN PIETRO IN LAMA;1;1990 ;Diss.;LE;PUGLIA; 3.757 
SAN PIETRO INFINE;1;2001 ;Diss.;CE;CAMPANIA; 1.011 
SAN PIETRO VERNOTICO;1;2015 ;Rieq.;BR;PUGLIA; 13.914 
SAN POLO MATESE;2;1994 ;Diss.;CB;MOLISE; 471 
SAN POLO MATESE;2;2017 ;Rieq.;CB;MOLISE; 471 
SAN PROCOPIO;1;2008 ;Diss.;RC;CALABRIA; 576 
SAN ROBERTO;1;2024 ;Rieq.;RC;CALABRIA; 1.516 
SAN SALVATORE DI FITALIA;1;1991 ;Diss.;ME;SICILIA; 1.954 
SAN SOSTI;1;2022 ;Rieq.;CS;CALABRIA; 1.882 
SAN TAMMARO;1;1995 ;Diss.;CE;CAMPANIA; 4.057 
SAN VINCENZO LA COSTA;1;1989 ;Diss.;CS;CALABRIA; 1.894 
SANARICA;2;1989 ;Diss.;LE;PUGLIA; 1.470 
SANARICA;2;2015 ;Rieq.;LE;PUGLIA; 1.470 
SANGINETO;1;1989 ;Diss.;CS;CALABRIA; 1.476 
SANNICANDRO DI BARI;1;2016 ;Rieq.;BA;PUGLIA; 9.957 
SANT'AGATA DE' GOTI;2;2015 ;Rieq.;BN;CAMPANIA; 11.202 
SANT'AGATA DE' GOTI;2;2019 ;Diss.;BN;CAMPANIA; 11.202 
SANT'AGATA DEL BIANCO;1;1989 ;Diss.;RC;CALABRIA; 677 
SANT'AGATA DI ESARO;2;2020 ;Rieq.;CS;CALABRIA; 1.784 
SANT'AGATA DI ESARO;2;2021 ;Diss.;CS;CALABRIA; 1.784 
SANT'AGATA DI MILITELLO;1;2018 ;Rieq.;ME;SICILIA; 12.393 
SANT'AGATA FELTRIA;1;2014 ;Rieq.;RN;EMILIA ROMAGNA; 2.194 
SANT'ALESSIO SICULO;2;1993 ;Diss.;ME;SICILIA; 1.554 
SANT'ALESSIO SICULO;2;2016 ;Rieq.;ME;SICILIA; 1.554 
SANT'ALFIO;1;2023 ;Diss.;CT;SICILIA; 1.514 
SANT'ANDREA APOSTOLO DELLO IONIO;1;1991 ;Diss.;CZ;CALABRIA; 2.836 
SANT'ANGELO A FASANELLA;2;2016 ;Rieq.;SA;CAMPANIA; 635 
SANT'ANGELO A FASANELLA;2;2023 ;Diss.;SA;CAMPANIA; 635 
SANT'ANGELO ALL'ESCA;1;1990 ;Diss.;AV;CAMPANIA; 991 
SANT'ANGELO LE FRATTE;1;1989 ;Diss.;PZ;BASILICATA; 1.589 
SANT'ANGELO LODIGIANO;1;2015 ;Rieq.;LO;LOMBARDIA; 13.181 
SANT'ANTIMO;1;2021 ;Diss.;NA;CAMPANIA; 32.238 
SANT'ANTONIO ABATE;1;1990 ;Diss.;NA;CAMPANIA; 16.593 
SANT'ARCANGELO;1;1991 ;Diss.;PZ;BASILICATA; 7.270 
SANT'ARPINO;2;2017 ;Rieq.;CE;CAMPANIA; 14.438 
SANT'ARPINO;2;2019 ;Diss.;CE;CAMPANIA; 14.438 
SANTA CATERINA ALBANESE;1;1994 ;Diss.;CS;CALABRIA; 1.518 
SANTA CATERINA DELLO IONIO;1;1989 ;Diss.;CZ;CALABRIA; 2.399 
SANTA CATERINA VILLARMOSA;1;2013 ;Rieq.;CL;SICILIA; 5.659 
SANTA CROCE DEL SANNIO;1;1999 ;Diss.;BN;CAMPANIA; 1.087 
SANTA CROCE DI MAGLIANO;1;2022 ;Rieq.;CB;MOLISE; 3.960 
SANTA DOMENICA TALAO;2;1990 ;Diss.;CS;CALABRIA; 1.175 
SANTA DOMENICA TALAO;2;2019 ;Rieq.;CS;CALABRIA; 1.175 
SANTA DOMENICA VITTORIA;2;2017 ;Rieq.;ME;SICILIA; 974 
SANTA DOMENICA VITTORIA;2;2020 ;Diss.;ME;SICILIA; 974 
SANTA GIULETTA;1;2014 ;Rieq.;PV;LOMBARDIA; 1.664 
SANTA MARIA CAPUA VETERE;1;1992 ;Diss.;CE;CAMPANIA; 31.417 
SANTA MARIA DEL MOLISE;1;2015 ;Rieq.;IS;MOLISE; 668 
SANTA MARIA DI LICODIA;2;2012 ;Rieq.;CT;SICILIA; 7.377 
SANTA MARIA DI LICODIA;2;2013 ;Diss.;CT;SICILIA; 7.377 
SANTA MARINELLA;1;2018 ;Diss.;RM;LAZIO; 18.921 
SANTA SOFIA D'EPIRO;1;1991 ;Diss.;CS;CALABRIA; 3.095 
SANTA VENERINA;4;1993 ;Diss.;CT;SICILIA; 8.440 
SANTA VENERINA;4;2012 ;Rieq.;CT;SICILIA; 8.440 
SANTA VENERINA;4;2013 ;Diss.;CT;SICILIA; 8.440 
SANTA VENERINA;4;2023 ;Diss.;CT;SICILIA; 8.440 
SANTO STEFANO DI CADORE;1;2021 ;Rieq.;BL;VENETO; 2.403 
SANTO STEFANO DI ROGLIANO;1;1991 ;Diss.;CS;CALABRIA; 1.294 
SANTO STEFANO ROERO;2;2020 ;Rieq.;CN;PIEMONTE; 1.364 
SANTO STEFANO ROERO;2;2022 ;Diss.;CN;PIEMONTE; 1.364 
SAPRI;1;1989 ;Diss.;SA;CAMPANIA; 7.122 
SARACENA;2;1990 ;Diss.;CS;CALABRIA; 3.687 
SARACENA;2;2019 ;Rieq.;CS;CALABRIA; 3.687 
SARNO;1;1991 ;Diss.;SA;CAMPANIA; 31.509 
SASSANO;1;1994 ;Diss.;SA;CAMPANIA; 5.410 
SASSINORO;1;1989 ;Diss.;BN;CAMPANIA; 811 
SATRIANO;1;1991 ;Diss.;CZ;CALABRIA; 3.044 
SAVELLI;1;2024 ;Diss.;KR;CALABRIA; 1.033 
SAVONA;1;2016 ;Rieq.;SV;LIGURIA; 61.345 
SCAFA;1;1993 ;Diss.;PE;ABRUZZO; 3.838 
SCAFATI;1;2017 ;Rieq.;SA;CAMPANIA; 50.833 
SCALEA;1;2013 ;Rieq.;CS;CALABRIA; 10.317 
SCALETTA ZANCLEA;3;2012 ;Rieq.;ME;SICILIA; 2.171 
SCALETTA ZANCLEA;3;2013 ;Rieq.;ME;SICILIA; 2.171 
SCALETTA ZANCLEA;3;2015 ;Diss.;ME;SICILIA; 2.171 
SCANNO;2;2019 ;Diss.;AQ;ABRUZZO; 1.783 
SCANNO;2;2019 ;Rieq.;AQ;ABRUZZO; 1.783 
SCICLI;2;2012 ;Rieq.;RG;SICILIA; 25.903 
SCICLI;2;2014 ;Rieq.;RG;SICILIA; 25.903 
SCIGLIANO;1;1992 ;Diss.;CS;CALABRIA; 1.875 
SCILLA;2;1992 ;Diss.;RC;CALABRIA; 5.104 
SCILLA;2;2012 ;Diss.;RC;CALABRIA; 5.104 
SCORDIA;4;2012 ;Rieq.;CT;SICILIA; 17.205 
SCORDIA;4;2014 ;Diss.;CT;SICILIA; 17.205 
SCORDIA;4;2023 ;Rieq.;CT;SICILIA; 17.205 
SCORDIA;4;2024 ;Diss.;CT;SICILIA; 17.205 
SCURCOLA MARSICANA;1;2017 ;Rieq.;AQ;ABRUZZO; 2.778 
SECINARO;1;2016 ;Rieq.;AQ;ABRUZZO; 359 
SEDRINA;1;2014 ;Rieq.;BG;LOMBARDIA; 2.497 
SEGRATE;1;2017 ;Rieq.;MI;LOMBARDIA; 35.234 
SELLIA MARINA;1;2013 ;Rieq.;CZ;CALABRIA; 7.139 
SENNORI;1;1989 ;Diss.;SS;SARDEGNA; 7.192 
SERRA D'AIELLO;2;1989 ;Diss.;CS;CALABRIA; 478 
SERRA D'AIELLO;2;2014 ;Diss.;CS;CALABRIA; 478 
SERRA SAN BRUNO;2;2019 ;Rieq.;VV;CALABRIA; 6.547 
SERRA SAN BRUNO;2;2021 ;Diss.;VV;CALABRIA; 6.547 
SERRADIFALCO;1;2018 ;Rieq.;CL;SICILIA; 5.959 
SERRAMEZZANA;1;1989 ;Diss.;SA;CAMPANIA; 375 
SERRARA FONTANA;1;1997 ;Diss.;NA;CAMPANIA; 3.024 
SERSALE;2;2013 ;Diss.;CZ;CALABRIA; 4.772 
SERSALE;2;2013 ;Rieq.;CZ;CALABRIA; 4.772 
SESSA AURUNCA;1;2019 ;Rieq.;CE;CAMPANIA; 21.003 
SESTO SAN GIOVANNI;1;2018 ;Rieq.;MI;LOMBARDIA; 81.773 
SEZZE;1;2022 ;Rieq.;LT;LAZIO; 23.697 
SIANO;1;1990 ;Diss.;SA;CAMPANIA; 9.081 
SIDERNO;1;2013 ;Diss.;RC;CALABRIA; 16.965 
SIMBARIO;1;2013 ;Rieq.;VV;CALABRIA; 954 
SIRIGNANO;1;2019 ;Rieq.;AV;CAMPANIA; 2.816 
SOIANO DEL LAGO;1;2019 ;Rieq.;BS;LOMBARDIA; 1.834 
SOLARINO;1;2020 ;Rieq.;SR;SICILIA; 7.725 
SOMMA VESUVIANA;1;1990 ;Diss.;NA;CAMPANIA; 27.884 
SOMMATINO;1;2018 ;Diss.;CL;SICILIA; 6.877 
SORIANO CALABRO;2;1990 ;Diss.;VV;CALABRIA; 2.686 
SORIANO CALABRO;2;2008 ;Diss.;VV;CALABRIA; 2.686 
SOVERATO;2;2012 ;Rieq.;CZ;CALABRIA; 8.821 
SOVERATO;2;2014 ;Rieq.;CZ;CALABRIA; 8.821 
SOVERIA MANNELLI;2;2017 ;Rieq.;CZ;CALABRIA; 3.048 
SOVERIA MANNELLI;2;2021 ;Diss.;CZ;CALABRIA; 3.048 
SPADAFORA;1;2021 ;Rieq.;ME;SICILIA; 4.642 
SPARANISE;1;1991 ;Diss.;CE;CAMPANIA; 7.220 
SPECCHIA;1;1989 ;Diss.;LE;PUGLIA; 4.812 
SPERLONGA;1;2022 ;Rieq.;LT;LAZIO; 3.050 
SPILINGA;1;1989 ;Diss.;VV;CALABRIA; 1.525 
SPINEA;1;1995 ;Diss.;VE;VENETO; 25.237 
SPINETE;1;2018 ;Rieq.;CB;MOLISE; 1.251 
SQUILLACE;2;2013 ;Rieq.;CZ;CALABRIA; 3.541 
SQUILLACE;2;2014 ;Diss.;CZ;CALABRIA; 3.541 
STAITI;1;1989 ;Diss.;RC;CALABRIA; 500 
STELLA CILENTO;1;1989 ;Diss.;SA;CAMPANIA; 874 
STERNATIA;1;2018 ;Rieq.;LE;PUGLIA; 2.261 
STIO;1;1990 ;Diss.;SA;CAMPANIA; 1.098 
STORNARA;2;2016 ;Rieq.;FG;PUGLIA; 5.742 
STORNARA;2;2024 ;Diss.;FG;PUGLIA; 5.742 
STRONGOLI;1;1989 ;Diss.;KR;CALABRIA; 6.791 
SUCCIVO;1;2012 ;Diss.;CE;CAMPANIA; 8.111 
SUMIRAGO;1;2015 ;Rieq.;VA;LOMBARDIA; 6.221 
SUMMONTE;1;1991 ;Diss.;AV;CAMPANIA; 1.524 
TAGLIOLO MONFERRATO;1;2020 ;Rieq.;AL;PIEMONTE; 1.542 
TAORMINA;4;2012 ;Rieq.;ME;SICILIA; 11.053 
TAORMINA;4;2013 ;Rieq.;ME;SICILIA; 11.053 
TAORMINA;4;2016 ;Rieq.;ME;SICILIA; 11.053 
TAORMINA;4;2021 ;Diss.;ME;SICILIA; 11.053 
TARANTO;1;2006 ;Diss.;TA;PUGLIA; 201.854 
TAURASI;1;2020 ;Rieq.;AV;CAMPANIA; 2.238 
TAURIANOVA;3;2013 ;Rieq.;RC;CALABRIA; 15.365 
TAURIANOVA;3;2014 ;Rieq.;RC;CALABRIA; 15.365 
TAURIANOVA;3;2017 ;Diss.;RC;CALABRIA; 15.365 
TAVERNA;1;2016 ;Rieq.;CZ;CALABRIA; 2.703 
TEANO;1;2019 ;Rieq.;CE;CAMPANIA; 12.039 
TERME VIGLIATORE;1;2016 ;Rieq.;ME;SICILIA; 7.395 
TERNI;2;2016 ;Rieq.;TR;UMBRIA; 111.501 
TERNI;2;2018 ;Diss.;TR;UMBRIA; 111.501 
TERRACINA;1;2011 ;Diss.;LT;LAZIO; 43.779 
TERRANOVA DA SIBARI;1;2021 ;Rieq.;CS;CALABRIA; 4.607 
TERRAVECCHIA;1;1989 ;Diss.;CS;CALABRIA; 1.535 
TERZIGNO;1;1989 ;Diss.;NA;CAMPANIA; 12.592 
TESSENNANO;1;1995 ;Diss.;VT;LAZIO; 467 
TEVEROLA;1;1994 ;Diss.;CE;CAMPANIA; 9.042 
THIESI;1;2001 ;Diss.;SS;SARDEGNA; 3.165 
TOLFA;1;1989 ;Diss.;RM;LAZIO; 4.871 
TORA E PICCILLI;1;2021 ;Diss.;CE;CAMPANIA; 786 
TORCHIAROLO;1;2015 ;Rieq.;BR;PUGLIA; 5.453 
TORELLA DEL SANNIO;1;1989 ;Diss.;CB;MOLISE; 912 
TORITTO;1;2016 ;Rieq.;BA;PUGLIA; 8.530 
TORNIMPARTE;1;1995 ;Diss.;AQ;ABRUZZO; 3.090 
TORRICE;2;2022 ;Rieq.;FR;LAZIO; 4.692 
TORRICE;2;2023 ;Diss.;FR;LAZIO; 4.692 
TORRICELLA;1;1989 ;Diss.;TA;PUGLIA; 3.965 
TORTORA;1;1989 ;Diss.;CS;CALABRIA; 5.071 
TORTORICI;3;2012 ;Rieq.;ME;SICILIA; 6.435 
TORTORICI;3;2016 ;Diss.;ME;SICILIA; 6.435 
TORTORICI;3;2022 ;Diss.;ME;SICILIA; 6.435 
TOSCOLANO-MADERNO;1;2014 ;Rieq.;BS;LOMBARDIA; 8.100 
TRABIA;2;2019 ;Rieq.;PA;SICILIA; 10.120 
TRABIA;2;2020 ;Diss.;PA;SICILIA; 10.120 
TREMESTIERI ETNEO;1;2013 ;Rieq.;CT;SICILIA; 20.841 
TRENTINARA;1;1989 ;Diss.;SA;CAMPANIA; 1.688 
TRENTOLA-DUCENTA;2;1992 ;Diss.;CE;CAMPANIA; 11.946 
TRENTOLA-DUCENTA;2;2023 ;Rieq.;CE;CAMPANIA; 11.946 
TREVI NEL LAZIO;2;1999 ;Diss.;FR;LAZIO; 1.801 
TREVI NEL LAZIO;2;2019 ;Rieq.;FR;LAZIO; 1.801 
TRICARICO;1;2014 ;Rieq.;MT;BASILICATA; 5.549 
TRIVENTO;2;2008 ;Diss.;CB;MOLISE; 4.987 
TRIVENTO;2;2021 ;Rieq.;CB;MOLISE; 4.987 
TURRIVALIGNANI;1;2013 ;Diss.;PE;ABRUZZO; 896 
TURSI;2;2016 ;Rieq.;MT;BASILICATA; 5.037 
TURSI;2;2020 ;Diss.;MT;BASILICATA; 5.037 
UCRIA;1;1990 ;Diss.;ME;SICILIA; 1.623 
UMBRIATICO;1;2001 ;Diss.;KR;CALABRIA; 973 
USTICA;2;2017 ;Rieq.;PA;SICILIA; 1.308 
USTICA;2;2023 ;Diss.;PA;SICILIA; 1.308 
VACCARIZZO ALBANESE;1;1990 ;Diss.;CS;CALABRIA; 1.395 
VAGLIO BASILICATA;1;1989 ;Diss.;PZ;BASILICATA; 2.189 
VAL DELLA TORRE;1;2023 ;Rieq.;TO;PIEMONTE; 3.976 
VALDERICE;1;1993 ;Diss.;TP;SICILIA; 10.686 
VALERA FRATTA;1;1992 ;Diss.;LO;LOMBARDIA; 930 
VALGIOIE;1;2022 ;Rieq.;TO;PIEMONTE; 957 
VALLE DELL'ANGELO;1;1993 ;Diss.;SA;CAMPANIA; 535 
VALLE DI MADDALONI;2;1991 ;Diss.;CE;CAMPANIA; 2.374 
VALLE DI MADDALONI;2;2020 ;Diss.;CE;CAMPANIA; 2.374 
VALLECORSA;2;1990 ;Diss.;FR;LAZIO; 2.574 
VALLECORSA;2;2018 ;Rieq.;FR;LAZIO; 2.574 
VALLEMAIO;1;1992 ;Diss.;FR;LAZIO; 1.134 
VALLEVE;1;2018 ;Rieq.;BG;LOMBARDIA; 133 
VALTOPINA;1;2022 ;Rieq.;PG;UMBRIA; 1.280 
VALVERDE;1;1992 ;Diss.;CT;SICILIA; 5.701 
VARALLO POMBIA;2;2013 ;Rieq.;NO;PIEMONTE; 4.980 
VARALLO POMBIA;2;2014 ;Diss.;NO;PIEMONTE; 4.980 
VASTO;1;2022 ;Rieq.;CH;ABRUZZO; 40.692 
VELLETRI;1;2009 ;Diss.;RM;LAZIO; 51.394 
VENAFRO;1;2014 ;Rieq.;IS;MOLISE; 11.434 
VERBICARO;1;2021 ;Rieq.;CS;CALABRIA; 2.587 
VETTO;1;1991 ;Diss.;RE;EMILIA ROMAGNA; 2.107 
VEZZA D'ALBA;1;2019 ;Rieq.;CN;PIEMONTE; 2.272 
VIAREGGIO;1;2014 ;Diss.;LU;TOSCANA; 63.447 
VIBO VALENTIA;4;2013 ;Diss.;VV;CALABRIA; 33.118 
VIBO VALENTIA;4;2013 ;Rieq.;VV;CALABRIA; 33.118 
VIBO VALENTIA;4;2019 ;Rieq.;VV;CALABRIA; 33.118 
VIBO VALENTIA;4;2023 ;Rieq.;VV;CALABRIA; 33.118 
VICO DEL GARGANO;1;1989 ;Diss.;FG;PUGLIA; 8.383 
VICOLUNGO;1;1992 ;Diss.;NO;PIEMONTE; 816 
VICOVARO;1;2019 ;Rieq.;RM;LAZIO; 3.815 
VIGGIANELLO;1;1995 ;Diss.;PZ;BASILICATA; 3.893 
VILLA DI BRIANO;2;1989 ;Diss.;CE;CAMPANIA; 7.087 
VILLA DI BRIANO;2;2016 ;Diss.;CE;CAMPANIA; 7.087 
VILLA LITERNO;2;1991 ;Diss.;CE;CAMPANIA; 11.985 
VILLA LITERNO;2;2016 ;Diss.;CE;CAMPANIA; 11.985 
VILLA MINOZZO;1;1989 ;Diss.;RE;EMILIA ROMAGNA; 4.116 
VILLA SAN GIOVANNI;1;2021 ;Diss.;RC;CALABRIA; 12.852 
VILLAFRANCA IN LUNIGIANA;1;2016 ;Rieq.;MS;TOSCANA; 4.770 
VILLAFRANCA SICULA;1;1992 ;Diss.;AG;SICILIA; 1.695 
VILLAFRANCA TIRRENA;1;2016 ;Rieq.;ME;SICILIA; 8.584 
VILLALAGO;2;2012 ;Rieq.;AQ;ABRUZZO; 579 
VILLALAGO;2;2013 ;Diss.;AQ;ABRUZZO; 579 
VILLALBA;1;1994 ;Diss.;CL;SICILIA; 2.132 
VILLAREGGIA;1;2023 ;Rieq.;TO;PIEMONTE; 996 
VILLARICCA;2;2017 ;Rieq.;NA;CAMPANIA; 31.226 
VILLARICCA;2;2018 ;Diss.;NA;CAMPANIA; 31.226 
VILLASTELLONE;1;2013 ;Rieq.;TO;PIEMONTE; 4.898 
VILLATA;1;2020 ;Rieq.;VC;PIEMONTE; 1.556 
VITICUSO;1;1990 ;Diss.;FR;LAZIO; 401 
VIZZINI;1;2018 ;Diss.;CT;SICILIA; 6.072 
VOLLA;1;2023 ;Diss.;NA;CAMPANIA; 25.664 
VOLTURARA IRPINA;1;2011 ;Diss.;AV;CAMPANIA; 3.423 
ZAGARISE;2;2015 ;Rieq.;CZ;CALABRIA; 1.674 
ZAGARISE;2;2018 ;Diss.;CZ;CALABRIA; 1.674 
ZAPPONETA;1;2012 ;Diss.;FG;PUGLIA; 3.334 
